nama_produk,nama_shade,kategori,brand,harga,rating
Lip Scrub,Cotton Candy,lip balm,Liplapin,42000.0,4.0
Baby Color Balm,Baby Red,lip balm,Lip Ice,38000.0,4.4
Lip Balm,Orange,lip balm,Wardah,25000.0,3.8
Lip Care SPF 30,Strawberry,lip balm,Sebamed,65000.0,4.3
Smoochies Lip Balm,Cucumber,lip balm,Emina,27000.0,3.4
24H Melt-In Moisture,Soothe & Protect,lip balm,Nivea,17000.0,4.1
Dew+ Tinted 6hr Lip Moisturizer - Tinted Lipstick meets Lip Balm,Rose Fresh,lip balm,Mad For Makeup,99000.0,4.3
Baby Lips Candy Wow,Cinnamon,lip balm,Maybelline,43000.0,4.3
Color Pop Lip Balm,Pink,lip balm,Madame Gie,9000.0,3.4
Lip Balm,Vanilla,lip balm,Wardah,21000.0,3.7
ColorBurst Matte Balm,Standout,lip balm,Revlon,92000.0,3.9
Lip Care,Pink Bubble Gum,lip balm,Khalisa,26000.0,3.9
Watercolor Lip Serum,02 Mist,lip balm,Emina,35000.0,4.6
Baby Lips Love Color,Berry Crush,lip balm,Maybelline,25000.0,4.1
Tinted Lip Balm,Hibiscus,lip balm,Burt'S Bees,100000.0,4.0
Hypergloss Lip Balm,Dear Rene,lip balm,Dear Me Beauty,89000.0,4.0
Lip Butter,Original,lip balm,Nivea,30000.0,3.8
Cocoa Butter Lip Care Stick,DESCRIPTION,lip balm,The Body Shop,89000.0,4.1
Lip Care,Pure Vanilla Honey,lip balm,Khalisa,28000.0,4.2
Lip Therapy Tube,Rosy Tinted,lip balm,Vaseline,20000.0,4.1
Oh So Kissable Tinted Balm Stick,Plum Candy,lip balm,Emina,29000.0,4.1
Lip Smooth Color Bloom,Pink Blossom,lip balm,Maybelline,25000.0,4.5
Sheer Color,Strawberry,lip balm,Lip Ice,25750.0,3.8
Lip Therapy Mini,Cocoa Butter,lip balm,Vaseline,30000.0,4.3
Baby Lips Candy Wow,Raspberry,lip balm,Maybelline,80000.0,4.0
Vitamin Shake Lip Balm,Cranberry and Raspberry,lip balm,Nivea,25000.0,3.8
Baby Lips Love Color,Cherry Kiss,lip balm,Maybelline,25000.0,4.1
Organic Lip Balm,Vanilla,lip balm,Buttered,45000.0,4.6
Baby Lips Love Color,Coral Flush,lip balm,Maybelline,25000.0,4.1
Lip Therapy Tube,Advanced Healing,lip balm,Vaseline,49999.0,4.2
Sheer Color Beeswax,Strawberry,lip balm,Lip Ice,35000.0,4.0
Lip Therapy Mini,Original,lip balm,Vaseline,50000.0,4.5
Baby Lips Color SPF 20,Anti-Oxidant Berry,lip balm,Maybelline,18000.0,3.7
Tender Care Protecting Balm,Caramel,lip balm,Oriflame,25000.0,3.8
Lip Mask,Milky Matcha,lip balm,Emina,38000.0,4.2
Lipcare,DESCRIPTION,lip balm,Envygreen,85000.0,4.1
Everyday Moisture Lip Nutrition,Honey,lip balm,Wardah,23.0,3.9
My Favorite Things Lip Color Balm,Library Queen,lip balm,Emina,56000.0,3.6
Pop Ball Lip Balm,Watermelon & Pomegranate,lip balm,Nivea,80.0,4.2
Dior Addict Lip Glow Color Reviver Balm,Pink,lip balm,Dior,34.0,4.6
Lip Sleeping Mask,Berry,lip balm,Laneige,250.0,4.6
Organic Lip Balm,Coconut,lip balm,Buttered,45000.0,4.4
Baby Lips Color SPF 20,Lychee Addict,lip balm,Maybelline,70000.0,3.9
Sweet Macaron Lip Balm,DESCRIPTION,lip balm,The Body Culture,50000.0,4.2
Everyday Moisture Lip Nutrition,Green Tea,lip balm,Wardah,25000.0,3.9
Strawberry Lip Butter,DESCRIPTION,lip balm,The Body Shop,0.0,3.4
Lip Mask,Original,lip balm,Emina,0.0,4.3
Lip Balm,Cocoa,lip balm,Utama Spice,15950.0,3.8
YOY Girl! Liptwins Disney Edition,Honey Peach,lip balm,Jacquelle,139000.0,5.0
Lip Sleeping Mask,Vanilla,lip balm,Laneige,260000.0,4.6
Lip Sleeping Mask,Apple Lime,lip balm,Laneige,270000.0,4.8
Bo$$ Baby Sugar Lip Scrub,DESCRIPTION,lip balm,Mineral Botanica,90000.0,4.9
Tinted Lip Balm,Strawberry Kiss,lip balm,Liplapin,55000.0,4.0
Organic Lip Balm,Unscented,lip balm,Buttered,45000.0,4.3
Sport Sunscreen Lip Balm,DESCRIPTION,lip balm,Lip Ice,37000.0,4.4
Lip Therapy Stick,Rosy Lips,lip balm,Vaseline,25000.0,4.1
Shea Butter Lip Balm Stick,DESCRIPTION,lip balm,L'Occitane,142000.0,4.0
Ceramoist Glow Lip Serum,DESCRIPTION,lip balm,Barenbliss,69000.0,4.2
Baby Lips Candy Wow,Orange,lip balm,Maybelline,86000.0,3.9
Lip Butter,Blueberry Blush,lip balm,Nivea,30000.0,4.1
Tender Care Protecting Balm,Rose,lip balm,Oriflame,20000.0,4.1
Everyday Fruity Sheer Lip Balm,Grape,lip balm,Wardah,26.0,4.0
Organic Lip Balm,Strawberry,lip balm,Buttered,45000.0,4.5
Lip Therapy Stick,Original,lip balm,Vaseline,25900.0,4.4
Tender Care Protecting Balm,Pomegranate Seed Oil,lip balm,Oriflame,40000.0,4.8
Reve de Miel Ultra Nourishing Lip Balm,DESCRIPTION,lip balm,Nuxe,215000.0,4.3
Cherry Collagen Moisturizing Essence Lip Mask,DESCRIPTION,lip balm,Bioaqua,5000.0,3.1
Hydra Sugar Lip Serum Intensive Care,DESCRIPTION,lip balm,Mineral Botanica,45000.0,4.1
Lip Oil Serum,DESCRIPTION,lip balm,The Originote,65000.0,3.7
Sheer Color,Orange,lip balm,Lip Ice,22000.0,4.0
Coconut Lip Polish,DESCRIPTION,lip balm,Tiff,65000.0,3.9
Ointment,Original,lip balm,Pure Paw Paw,65000.0,4.7
Tender Care Protecting Balm,Organic Honey,lip balm,Oriflame,44900.0,4.1
Lip Protection,Cocoa and Honey Lip Bliss,lip balm,Sensatia Botanicals,60000.0,3.8
Tender Care Protecting Balm,Bilberry Seed,lip balm,Oriflame,45000.0,4.4
Lip Care,Blooming Fruity,lip balm,Khalisa,28000.0,3.7
Lovely Lips,Natural Pink,lip balm,Nivea,16000.0,3.3
Baby Lips Candy Wow,Peach,lip balm,Maybelline,80000.0,3.1
Organic Lip Balm,Vanilla Latte,lip balm,Buttered,45000.0,4.4
Lip Balm,Chocolate Mint,lip balm,Evete Naturals,40000.0,4.3
Lip Balm #1,DESCRIPTION,lip balm,Kiehl'S,155000.0,3.5
Lip Mask,Orange Squash,lip balm,Emina,38000.0,4.8
Lip Mask,Vanilla Pretzel,lip balm,Emina,38000.0,4.2
Moisture Balm Chic on Lips,Choco Dreamer,lip balm,Viva Cosmetics,14150.0,3.9
Lip Scrub,Cherry Kiss,lip balm,Felinz,25900.0,3.6
Lip Therapy Tube,Original,lip balm,Vaseline,20000.0,4.5
Vitamin E Lip Care SPF 15,DESCRIPTION,lip balm,The Body Shop,99000.0,4.2
Lip Butter,Vanilla & Macadamia,lip balm,Nivea,30000.0,4.1
Watercolor Lip Serum,01 Dawn,lip balm,Emina,35000.0,4.7
The One Lip Spa Care Lip Balm,Nude,lip balm,Oriflame,89000.0,3.1
Lip Cream,DESCRIPTION,lip balm,Dhc,165000.0,4.6
Born Lippy Pot Lip Balm,Raspberry,lip balm,The Body Shop,89000.0,3.5
Lip Scrub,Marshmallow,lip balm,Liplapin,42000.0,4.1
24H Melt-In Moisture,Strawberry Shine,lip balm,Nivea,0.0,3.9
Tinted Lip Balm,Cocoa Butter,lip balm,Liplapin,55000.0,4.2
Lip Smooth Color Bloom,Blossom Peach,lip balm,Maybelline,24500.0,3.9
Lip Balm,DESCRIPTION,lip balm,Himalaya,19000.0,4.1
Hypergloss Lip Balm,Dear Lia,lip balm,Dear Me Beauty,89000.0,4.9
Beeswax Lip Balm,DESCRIPTION,lip balm,Burt'S Bees,70000.0,4.2
Ointment,Passion Fruit,lip balm,Pure Paw Paw,70000.0,4.6
Canola Honey Lip Balm,DESCRIPTION,lip balm,Innisfree,75000.0,4.6
Rêve de Miel Stick Lèvres,DESCRIPTION,lip balm,Nuxe,90000.0,4.5
Tender Care Protecting Balm,Blackcurrant,lip balm,Oriflame,39900.0,4.2
Fruity Lip Balm,Strawberry,lip balm,Lip Ice,13500.0,4.0
Lip Moist Serum,DESCRIPTION,lip balm,Implora,20000.0,4.2
Butter Ice Cream Lip Balm,Matcha,lip balm,Lip Ice,30000.0,4.1
Eternalips,DESCRIPTION,lip balm,Erha,99000.0,4.5
Moisture Balm Chic on Lips,Aloe Secret,lip balm,Viva Cosmetics,14000.0,3.9
Color Pop Lip Balm,Orange,lip balm,Madame Gie,9000.0,3.3
Lip Scrub,Bubble Gum,lip balm,Liplapin,42000.0,3.7
Lip Sugar Scrub,DESCRIPTION,lip balm,Elsheskin,55000.0,4.4
Baby Lips Electro Pop,Pink Shock,lip balm,Maybelline,35000.0,4.1
Repair & Treatment Lip Balm,DESCRIPTION,lip balm,Lip Ice,28000.0,4.4
Watercolor Lip Serum,03 Dusk,lip balm,Emina,35000.0,4.1
Peptide Nourishing Lip Serum,DESCRIPTION,lip balm,Skintific,96000.0,4.4
Shea Lip Butter,DESCRIPTION,lip balm,The Body Shop,89000.0,3.4
Born Lippy Pot Lip Balm,Strawberry,lip balm,The Body Shop,36000.0,3.8
24H Melt-In Moisture,Soft Rose,lip balm,Nivea,20570.0,3.2
Lip Balm,Lemonhead Lip Smack,lip balm,Sensatia Botanicals,60000.0,4.2
Organic Lip Balm,Cherry,lip balm,Buttered,45000.0,4.5
Color Pop Lip Balm,Purple,lip balm,Madame Gie,9000.0,3.4
Ointment,Grape,lip balm,Pure Paw Paw,65000.0,4.6
Lip Butter,Cocoa,lip balm,Nivea,30000.0,4.0
Fruity Lip Balm,Cherry,lip balm,Lip Ice,18000.0,4.0
Lip Therapy Stick,Cocoa Butter,lip balm,Vaseline,22400.0,4.1
Lip Care,Peach Caramel,lip balm,Khalisa,28000.0,3.2
Lip Therapy Tin,Rosy Lips,lip balm,Vaseline,50000.0,4.2
Lip Butter,Raspberry Rose,lip balm,Nivea,30000.0,4.0
Glass Glow Tinted Lip Balm,Caramel Gloss,lip balm,Scarlett,94500.0,4.2
Noera Vita Lip Serum,DESCRIPTION,lip balm,Noera By Reisha,65000.0,4.4
Bee Power Propolis Glow Lip Serum,DESCRIPTION,lip balm,Somethinc,69000.0,4.9
Ointment,Watermelon,lip balm,Pure Paw Paw,65000.0,4.4
Magic Pink Lip Balm,Strawberry,lip balm,Silkygirl,25000.0,3.8
ColorBurst Matte Balm,Sultry,lip balm,Revlon,99000.0,4.0
Baby Color Balm,Baby Pink,lip balm,Lip Ice,38000.0,4.1
Lip Therapy Mini,Rosy Lips,lip balm,Vaseline,50000.0,4.3
24H Melt-In Moisture,Cherry Shine,lip balm,Nivea,12500.0,4.1
Collagen Lip Serum,DESCRIPTION,lip balm,Esenses,28000.0,3.9
Hypergloss Lip Balm,Dear Rachel,lip balm,Dear Me Beauty,89000.0,4.2
Hypergloss Lip Balm,Dear Lala,lip balm,Dear Me Beauty,89000.0,4.1
Bada$$ Babe Sugar Lip Serum,DESCRIPTION,lip balm,Mineral Botanica,95000.0,4.2
Lip Taffy,Vanilla,lip balm,The Bath Box,45000.0,4.1
Mango Lip Butter,DESCRIPTION,lip balm,The Body Shop,89000.0,4.1
24H Melt-In Moisture,Original Care,lip balm,Nivea,12500.0,4.3
Color Pop Lip Balm,Yellow,lip balm,Madame Gie,9000.0,3.5
Moisture Balm Chic on Lips,Strawberry,lip balm,Viva Cosmetics,14000.0,3.9
Lip Balm Lip Nutrition,Vanilla Latte,lip balm,Make Over,35000.0,3.9
Lip Care Stick SPF 30,DESCRIPTION,lip balm,Sebamed,65000.0,4.2
Lip Care SPF 30,Cherry,lip balm,Sebamed,65000.0,4.5
24H Melt-In Moisture,Watermelon Shine,lip balm,Nivea,0.0,4.1
Everyday Fruity Sheer Lip Balm,Strawberry,lip balm,Wardah,23.0,4.2
Chubby Stick Moisturizing Lip Colour Balm,Mega Melon,lip balm,Clinique,0.0,4.0
Lip Balm Nourishing,Honey and Cloudberry,lip balm,Rollover Reaction,95000.0,4.1
Lip Glow Serum,Clear,lip balm,Salsa Cosmetic,23000.0,4.3
Noera Watermelon Moisturizing Lip Balm,DESCRIPTION,lip balm,Noera By Reisha,45000.0,4.7
Tender Care Protecting Balm,Coconut,lip balm,Oriflame,30000.0,3.8
Born Lippy Stick,Strawberry,lip balm,The Body Shop,79000.0,3.6
Duo Lipcare,Peach Crush,lip balm,Luxcrime,109000.0,4.2
Triple Care Lip Protector Sunscreen,DESCRIPTION,lip balm,Facetology,61000.0,3.7
Pouty Lips Sugar Lip Scrub,DESCRIPTION,lip balm,Sensatia Botanicals,80000.0,4.3
Lip Balm,Peppermint,lip balm,Utama Spice,15950.0,4.3
Lip Hydrate,Vanilla and Mandarin Lip Hydrate,lip balm,Sensatia Botanicals,60000.0,4.4
Smooth Sphere Lip Balm,Sweet Mint,lip balm,Eos,80000.0,3.8
24H Melt-In Moisture,Sun Protect,lip balm,Nivea,25000.0,2.9
24H Melt-In Moisture,Care & Color Red,lip balm,Nivea,0.0,3.9
Lip Sleeping Mask,Mint Choco,lip balm,Laneige,0.0,4.8
Butter Lip Balm,Chocolate,lip balm,Lip Ice,23000.0,4.6
Atoderm Stick Levres - Moisturizing Lip Balm,DESCRIPTION,lip balm,Bioderma,165000.0,4.6
Tender Care Protecting Balm,Cherry,lip balm,Oriflame,25000.0,4.1
Lip Juicers,"Strawberry, Pomegranate & Aloe",lip balm,The Body Shop,99000.0,3.9
Medicated Lip Stick XD,DESCRIPTION,lip balm,Mentholatum,60000.0,4.8
Baby Lips Love Color,Pink Lolita,lip balm,Maybelline,29000.0,4.0
Lip Exfoliator,Brown Sugar,lip balm,E.L.F,70000.0,3.6
Organic Lip Balm,Peppermint,lip balm,Buttered,45000.0,4.4
Smoochies Lip Balm,Lemonade,lip balm,Emina,27000.0,3.1
Sheer Color,Apple,lip balm,Lip Ice,25000.0,4.1
Honest Lip Balm,DESCRIPTION,lip balm,Benton,140000.0,4.2
Magic Colour Lip Serum,DESCRIPTION,lip balm,Azarine Cosmetic,50000.0,4.9
Hello Glow ft Tehbotol Sosro FlirTEA Lip Serum,DESCRIPTION,lip balm,Dermies,72800.0,4.0
Sheer Color,Natural,lip balm,Lip Ice,25000.0,4.2
Lip Serum,DESCRIPTION,lip balm,Elsheskin,65000.0,3.9
Lip Care,Red Cherry Peppermint,lip balm,Khalisa,28000.0,4.0
Lip Scrub,DESCRIPTION,lip balm,Envygreen,30000.0,4.1
Oh So Kissable Tinted Balm Stick,Pink Bonbons,lip balm,Emina,30000.0,4.0
Ointment,Strawberry,lip balm,Pure Paw Paw,52000.0,4.4
Lip Therapy Stick,Aloe Vera,lip balm,Vaseline,27000.0,3.8
Baby Lips Color SPF 20,Smoothing Cherry,lip balm,Maybelline,20000.0,3.7
Lip Sleeping Mask,Grapefruit,lip balm,Laneige,270000.0,4.7
Pop Ball Lip Balm,Grapefruit & Maracuja,lip balm,Nivea,80.0,3.5
Sugar Rush Lip Scrub,DESCRIPTION,lip balm,Emina,36000.0,4.1
Repair & Treatment Lip Gel,DESCRIPTION,lip balm,Lip Ice,18000.0,4.2
Shea Butter Ultra Rich Lip Balm,DESCRIPTION,lip balm,L'Occitane,176000.0,3.8
Noera Watermelon Lip Scrub,DESCRIPTION,lip balm,Noera By Reisha,45000.0,4.4
Tender Care Protecting Balm,Original,lip balm,Oriflame,39000.0,4.0
Coconut Lip Sleeping Balm,DESCRIPTION,lip balm,Tiff,65000.0,4.7
Duo Lipcare,Strawberry Glaze,lip balm,Luxcrime,109000.0,3.9
Kissful Lip Care Lip Concealer,DESCRIPTION,lip balm,Etude House,60000.0,2.2
Lovalip Care,DESCRIPTION,lip balm,Solcare,69000.0,4.2
ColorBurst Matte Balm,Elusive,lip balm,Revlon,90000.0,3.6
Lip Sleeping Serum,DESCRIPTION,lip balm,Hanasui,27000.0,4.7
Organic Lip Balm,Watermelon,lip balm,Buttered,45000.0,4.4
Matte Me,Birthday Suit,lip balm,Sleek Makeup,110000.0,3.2
Tender Care Protecting Balm,Cranberry Seed,lip balm,Oriflame,45000.0,4.4
Lip Balm,Strawberry,lip balm,Wardah,21000.0,3.5
Tinted Lip Balm,Red Rose,lip balm,Liplapin,55000.0,4.0
L'Occitane,DESCRIPTION,lip balm,L'Occitane,0.0,4.6
Butter Rush Vitamin Lip Mask,DESCRIPTION,lip balm,Barenbliss,35000.0,4.2
Baby Lips Electro Pop,Oh Orange,lip balm,Maybelline,28000.0,3.6
Dew+ Tinted 6hr Lip Moisturizer - Tinted Lipstick meets Lip Balm,Brick Comfort,lip balm,Mad For Makeup,99000.0,4.2
Baby Color Balm,Baby Nude,lip balm,Lip Ice,38000.0,4.3
Lip Therapy Mini,Creme Brulee,lip balm,Vaseline,60000.0,4.5
Smooth Sphere Lip Balm,Strawberry Sorbet,lip balm,Eos,80000.0,3.9
Baby Lips Candy Wow,Cherry,lip balm,Maybelline,35000.0,4.1
Matte Me,Fandango Purple,lip balm,Sleek Makeup,110000.0,3.5
Hydrogloss,Sheer Brown,lip gloss,Wardah,25000.0,3.5
Lip Glaze,Nectarine Tart,lip gloss,Blp Beauty,139000.0,4.5
Crystal Clear Magic Lipgloss,Amethyst,lip gloss,Confitty,99000.0,4.8
Perfect Gloss Lip Liquid,Dear Emily,lip gloss,Dear Me Beauty,119000.0,4.1
Oh My Gloss Lasting Glossy Lip Gloss,S03 Journey,lip gloss,Pinkflash,25000.0,3.7
Moisture Gloss Lipgloss,Sugar Pink,lip gloss,Silkygirl,28000.0,2.5
Forever Stay Comfort Lip Glaze,08 Notty,lip gloss,Somethinc,129000.0,4.3
Ink-Like Air Glasstick,Pink Plastic,lip gloss,Mad For Makeup,139000.0,4.7
Lip Shine x Malvava,Magnificent,lip gloss,Sasc,149500.0,4.2
Liquid Lip Shine,Cerise Red,lip gloss,Emina,34000.0,3.8
Lunar Gloss,North Node,lip gloss,Syca,129000.0,4.8
Watery Lip Gloss,#04 Sunset Black Tea,lip gloss,Judydoll,129000.0,4.7
Gloss Pills,Posh Pill,lip gloss,Rose All Day Cosmetics,149000.0,4.5
Ink Gloss Lip Tint,R04 Toasty-Ink,lip gloss,Dazzle Me,20400.0,3.7
Perfect Gloss Lip Liquid,Dear Crystal,lip gloss,Dear Me Beauty,119000.0,4.3
Lip Gloss SPF 29 PA++++,Nude,lip gloss,Amaterasun,69000.0,4.6
Ink-Like Air Glasstick,Spring Fling,lip gloss,Mad For Makeup,139000.0,4.6
Powerstay Glossy Lip Top Coat,DESCRIPTION,lip gloss,Make Over,0.0,4.7
Sheer Lip Balm,Pink Bery,lip gloss,Nuface,30000.0,4.8
Perfect Gloss Lip Liquid,Dear Natasha,lip gloss,Dear Me Beauty,119000.0,4.8
Lip Gloss,Sydney,lip gloss,Esqa,100000.0,4.2
Gel Lip Gloss,Moon River,lip gloss,Secondate,99000.0,4.7
Hyperlast Glazed Lip Vinyl,07 Rosewood Blaze,lip gloss,Pixy,69000.0,4.7
Gloss Pills,Spill The Tea Pill,lip gloss,Rose All Day Cosmetics,149000.0,4.6
Superbalm Moisturizing Gloss,Raspberry,lip gloss,Clinique,0.0,3.7
Lip Glaze,Poppy Jam,lip gloss,Blp Beauty,139000.0,4.8
BLP X Tuku Lip Vinyl,Caramel,lip gloss,Blp Beauty,89000.0,4.7
Gloss Pills,Joy Pill,lip gloss,Rose All Day Cosmetics,145000.0,4.7
Liquid Lip Color,Machiato,lip gloss,Make Over,0.0,4.3
Lip Glace,Tulle,lip gloss,Brunbrun Paris,29900.0,3.6
Wondershine Lip Gloss,01 Cinnamon Red,lip gloss,Wardah,34000.0,3.0
Lip Maximizer Plumping Gloss,Apricot,lip gloss,Dior,34.0,4.8
Glossy Lip Glow,DESCRIPTION,lip gloss,Catrice,60000.0,4.2
Kylie Lip Gloss,Candy K,lip gloss,Kylie Cosmetics,380000.0,3.8
Hydrogloss,Glazing Plum,lip gloss,Wardah,25000.0,4.0
Supercharged Oil Lip Glide,Butterfly Pea,lip gloss,Tavi,129000.0,5.0
Hyperlast Glazed Lip Vinyl,03 Charming Pink,lip gloss,Pixy,69000.0,4.8
Lip Envy Gloss,Lady Starlight,lip gloss,Wckd,119000.0,4.2
Lip Glaze,Corona,lip gloss,Mineral Botanica,74900.0,4.1
Rouge Dior Brillant,999,lip gloss,Dior,475000.0,4.3
Perfect Gloss Lip Liquid,Dear Coco,lip gloss,Dear Me Beauty,119000.0,4.2
Lip Glace,Canary,lip gloss,Brunbrun Paris,29900.0,4.0
Esqa x BCL Gloss Lip Liquid,Finesse,lip gloss,Esqa,195000.0,4.3
Gloss Pills,Glow Pill,lip gloss,Rose All Day Cosmetics,145000.0,4.6
Perfect Gloss Lip Liquid,Dear Samantha,lip gloss,Dear Me Beauty,119000.0,4.4
Satin Lip Gloss,Daydreaming,lip gloss,Goban Cosmetics,120000.0,4.9
Time to Gloss,06 Choco Tonight,lip gloss,Pixy,48000.0,4.7
Lip Glaze,Holly,lip gloss,Stila,299475.0,3.0
Lip Gloss,Tokyo,lip gloss,Esqa,100000.0,4.5
Lifter Gloss,008 Stone,lip gloss,Maybelline,129900.0,4.7
Plump Max Lip Gloss,01 Crystal,lip gloss,Focallure,0.0,4.3
Gloss Bomb Universal Lip Luminizer,Fussy,lip gloss,Fenty Beauty,300000.0,4.4
Gloss Pills,Chill Pill,lip gloss,Rose All Day Cosmetics,145000.0,4.6
Watery Lip Gloss,#02 Ice Sugar Strawberry,lip gloss,Judydoll,129000.0,4.8
Lip Gloss,London,lip gloss,Esqa,100000.0,4.4
GWS Plump Gloss,03 Berryphoria,lip gloss,Mother Of Pearl,99000.0,4.4
ColorBurst Lip Gloss,Fire,lip gloss,Revlon,90000.0,3.8
Wondershine Lip Gloss,03 Soft Pink,lip gloss,Wardah,0.0,3.6
Esqa x BCL Gloss Lip Liquid,Suave,lip gloss,Esqa,195000.0,4.5
Lipglow,Alor,lip gloss,Sorcha,139000.0,4.3
Satin Lip Gloss,Butterfly,lip gloss,Goban Cosmetics,120000.0,4.2
fenty beauty lip gloss,bomb,lip gloss,Fenty Beauty,18.0,4.6
That's Swell! XXL Extreme Lip Plumper,Pucker Up,lip gloss,Barry M,85773.0,5.0
Hyperlast Glazed Lip Vinyl,06 Mahogany Mission,lip gloss,Pixy,69000.0,4.7
Liquid Lip Shine,Buttery Nude,lip gloss,Emina,34000.0,4.2
GWS Plump Gloss,02 Nudieversal,lip gloss,Mother Of Pearl,99000.0,4.9
Noera Magic Lipgloss,DESCRIPTION,lip gloss,Noera By Reisha,100000.0,4.2
Lip Cushion,020 Better Make a Mauve,lip gloss,Catrice,75000.0,3.2
Clear Lip Gloss,Clear lip gloss,lip gloss,Glossier,0.0,4.4
Lip Gloss X Titan Tyra,Under The Influence,lip gloss,Luxcrime,109000.0,4.3
Liquid Lip Color,Glam Diva,lip gloss,Make Over,75000.0,3.6
Light Water Universal 12s Non-stick Face & Lip Gloss,Light,lip gloss,Mad For Makeup,99.0,4.4
Devil's Lip Plumper,Hellfire Glowy Topper,lip gloss,Holika Holika,158000.0,4.5
Oh My Gloss Lasting Glossy Lip Gloss,C01 River,lip gloss,Pinkflash,20000.0,4.2
Lip Lingerie Gloss,Bare With Me,lip gloss,Nyx,135000.0,3.6
Ink-Like Air Glasstick,Cherry Wine,lip gloss,Mad For Makeup,139000.0,4.9
Mean Girls Ink-Like Air Glosstick,So Fetch,lip gloss,Mad For Makeup,149000.0,4.5
Glitter Gloss Tint X Jazzy Inside Out Edition,Shy,lip gloss,Jacquelle,159000.0,5.0
GWS Plump Gloss,04 Mauversal,lip gloss,Mother Of Pearl,99000.0,4.6
Multitask Water Gloss,Camouflage,lip gloss,Somethinc,79000.0,4.7
Perfect Gloss Lip Liquid,Dear Audrey,lip gloss,Dear Me Beauty,119000.0,4.0
Lip Gloss Sweet Lips,DESCRIPTION,lip gloss,Beauty Story,65500.0,3.1
Oh My Gloss Lasting Glossy Lip Gloss,G04 Eureka,lip gloss,Pinkflash,39000.0,4.1
Lip Glaze,Raspberry Mousse,lip gloss,Blp Beauty,139000.0,4.4
Oh My Gloss Lasting Glossy Lip Gloss,G03 Love Talk,lip gloss,Pinkflash,25000.0,4.0
Dior Lip Maximizer,Rosewood,lip gloss,Dior,540000.0,4.6
Glossylicious,04 Peaches,lip gloss,Zoya Cosmetics,32000.0,3.7
Lip Gloss,Lively Classic,lip gloss,Kaie Beauty,149000.0,4.4
Lip Glo Color Balm,508 Coke Candy,lip gloss,Red-A,41000.0,4.5
GWS Plump Gloss,01 MLBB,lip gloss,Mother Of Pearl,99000.0,4.5
Lip Envy Gloss,Mmmm...,lip gloss,Wckd,119000.0,4.2
Lip Maximizer,Iconic Red,lip gloss,Upmost Beaute,129800.0,4.2
Oh My Gloss Lasting Glossy Lip Gloss,S02 Twinkle,lip gloss,Pinkflash,0.0,3.9
Disco Lip Gloss,Galaxy,lip gloss,Joylab,95000.0,4.6
Squeeze Me Up Lip Glass,Stargaze,lip gloss,Emina,48200.0,4.3
Watery Lip Gloss,#01 Vibrant Citrus Orange,lip gloss,Judydoll,129000.0,5.0
Pearl Rosy Gloss,Strawberry,lip gloss,Lip Ice,27000.0,3.8
Barry M That’s Swell! Lip Plumper (Clear),DESCRIPTION,lip gloss,Barry M,80000.0,4.7
Gel Lip Gloss,From Mars,lip gloss,Secondate,99000.0,4.2
Perfect Gloss Lip Liquid,Dear Stella,lip gloss,Dear Me Beauty,119000.0,4.2
Lip Glaze,Spiced Masala,lip gloss,Blp Beauty,139000.0,4.7
Perfect Gloss Lip Liquid,Dear Kayla,lip gloss,Dear Me Beauty,119000.0,4.0
Pearl Rosy Gloss,Lavender,lip gloss,Lip Ice,40000.0,3.3
Juicy Tubes,DESCRIPTION,lip gloss,Lancome,250000.0,3.5
Tasya Farasya Henna Night Collection Lip Topper,Nura,lip gloss,Mineral Botanica,118200.0,3.8
Intense Gloss Matte,Cinnamon Candy,lip gloss,Elsheskin,139000.0,4.1
Lip Glo Color Balm,505 Red Mojito,lip gloss,Red-A,42000.0,4.4
Shine Appeal Fluid Lipstick,030 Meet You At The Bar-bie,lip gloss,Catrice,60000.0,3.3
Super Lustrous Lipgloss,Fatal Apple,lip gloss,Revlon,60000.0,3.3
Lip Glace,Bare Sparkle,lip gloss,Brunbrun Paris,30.0,3.9
Snow Crystal Sheer Lip Gloss,LR 104 Water Pink,lip gloss,Laneige,80000.0,3.6
Time to Gloss,05 Brick Year,lip gloss,Pixy,48000.0,4.7
Lip Gloss,Dubai,lip gloss,Esqa,100000.0,4.6
Lip Gloss SPF 29 PA++++,Mauve,lip gloss,Amaterasun,69000.0,4.3
Lip Glaze,Sparkling Rosé,lip gloss,Blp Beauty,139000.0,4.7
Glazed Oil Infused Lip Gloss,So Intriguing,lip gloss,Barry M,70636.0,5.0
18k Lip Shine,Showstopper,lip gloss,Sasc,130.0,4.4
Volumizing Lip Booster,010 SomeBARE Over The Rainbow,lip gloss,Catrice,70000.0,4.5
Gloss Bomb Universal Lip Luminizer,Diamond Milk,lip gloss,Fenty Beauty,0.0,4.7
Valipcious Divine Gloss,05 Savvy,lip gloss,Mizzu,79000.0,4.3
Gloss Lip Finish,DESCRIPTION,lip gloss,Omg,27500.0,4.6
Very Me Mood Lip Gloss,Happy Glow,lip gloss,Oriflame,55000.0,2.3
Lip Envy Gloss,Ladies Night,lip gloss,Wckd,119000.0,4.1
Moisture Glow Lip Gloss,Sparkle Pink,lip gloss,Rivera,85000.0,3.8
Glasting Water Gloss,#00 METEOR TRACK,lip gloss,Romand,185000.0,4.9
Slicked! Lip Glass,Marron,lip gloss,Rollover Reaction,129000.0,4.2
Perfect Gloss Lip Liquid,Dear Isabelle,lip gloss,Dear Me Beauty,119000.0,4.8
Disco Lip Gloss,Moonlit,lip gloss,Joylab,95000.0,4.9
Color Stick Gloss Crayon,103 Emma,lip gloss,Make Over,99000.0,4.4
Oh My Gloss Lasting Glossy Lip Gloss,G01 Petal,lip gloss,Pinkflash,56844.0,4.0
Satin Lip Gloss,Flower Bomb,lip gloss,Goban Cosmetics,120000.0,4.2
Fruity Jelly,Treat Me Sweet,lip gloss,Maybelline,30000.0,2.9
Wondershine Lip Gloss,04 Pale Pink,lip gloss,Wardah,34000.0,3.0
Tinted Lively Gloss,G03 Rich Garnet,lip gloss,Kaie Beauty,150000.0,4.9
Forever Stay Comfort Lip Glaze,05 Unreal,lip gloss,Somethinc,129000.0,4.1
18k Lip Shine,Glitz 'N Glam,lip gloss,Sasc,130.0,4.3
Glitter Gloss Tint X Jazzy Inside Out Edition,Jumpy,lip gloss,Jacquelle,159000.0,4.2
Oh My Gloss Lasting Glossy Lip Gloss,G05 Steppin,lip gloss,Pinkflash,14000.0,3.5
Hydrogloss,Invisible Pink,lip gloss,Wardah,32000.0,3.3
Glitter Gloss Tint X Jazzy Inside Out Edition,Happy,lip gloss,Jacquelle,159000.0,4.3
Oh My Gloss Lasting Glossy Lip Gloss,G02 Shelter,lip gloss,Pinkflash,14000.0,3.9
Watery Lip Gloss,#03 Rose Cherry Blossom,lip gloss,Judydoll,129000.0,4.1
Color Stick Gloss Crayon,104 Chloe,lip gloss,Make Over,0.0,4.3
Butter Gloss,Peach Cobbler,lip gloss,Nyx,110000.0,3.5
Lip Glaze,Cranberry Cobbler,lip gloss,Blp Beauty,139000.0,4.7
Holy Lip Polish,Luna,lip gloss,Looke Cosmetics,139000.0,4.2
Lip Glo Color Balm,503 Choco Float,lip gloss,Red-A,50000.0,4.6
Slicked! Lip Glass,Rosee,lip gloss,Rollover Reaction,129000.0,4.3
Liquid Lip Shine,Carnation Pink,lip gloss,Emina,32000.0,4.4
Mattemoist Lip Gloss,Jolly,lip gloss,Note Cosmetics,65000.0,4.3
Lip Shine x Tyna Kanna Mirdad,Truly 'Mazing,lip gloss,Sasc,149500.0,4.5
Intense Gloss Matte,I Rose You,lip gloss,Elsheskin,139000.0,4.2
Intense Gloss Matte,SugarBerry,lip gloss,Elsheskin,139000.0,4.0
Perfect Gloss Lip Liquid,Dear Fiona,lip gloss,Dear Me Beauty,119000.0,4.4
Lippie Slicks,DESCRIPTION,lip gloss,Madame Gie,12500.0,3.6
Lip Glo Color Balm,501 Peach Slush,lip gloss,Red-A,41000.0,4.5
Volumizing Lip Booster,040 Nuts About Mary,lip gloss,Catrice,0.0,4.5
Valipcious Divine Gloss,02 Authentic,lip gloss,Mizzu,79000.0,4.5
Hydrogloss,Autumn Peach,lip gloss,Wardah,25000.0,3.5
Lip Glo Color Balm,502 Pink Smoothies,lip gloss,Red-A,42000.0,3.9
Plump Max Lip Gloss,03 Rose Quartz,lip gloss,Focallure,0.0,4.0
Glitter Gloss Serum Mickey & Minnie,DESCRIPTION,lip gloss,Jacquelle,149000.0,5.0
Esqa x BCL Gloss Lip Liquid,Lust,lip gloss,Esqa,195000.0,3.8
Very Me Mirror Gloss,DESCRIPTION,lip gloss,Oriflame,69000.0,2.9
Glitter Gloss Tint X Jazzy Inside Out Edition,Jealousy,lip gloss,Jacquelle,159000.0,5.0
Lip Glo Color Balm,801 Peach Slush,lip gloss,Red-A,40000.0,4.5
Butter Gloss,Apple Strudel,lip gloss,Nyx,110000.0,3.0
BLP X Tuku Lip Vinyl,Mocha,lip gloss,Blp Beauty,89000.0,4.2
Lush Syrup Lip Gloss,Pink Peach,lip gloss,Moko Moko,45000.0,2.7
Lip Glaze,Antila,lip gloss,Mineral Botanica,74900.0,4.1
Gel Lip Gloss,Cassiopeia,lip gloss,Secondate,99000.0,4.3
Slicked! Lip Glass,Prune,lip gloss,Rollover Reaction,129000.0,4.5
Lip Glo Color Balm,500 Sparkling Rose,lip gloss,Red-A,59400.0,4.6
Color Stick Gloss Crayon,105 Jolene,lip gloss,Make Over,99000.0,4.3
Saemmul magic gloss tint,DESCRIPTION,lip gloss,The Saem,0.0,4.3
Lip Envy Gloss,Chasing the Sun,lip gloss,Wckd,119000.0,4.2
Glam Gloss,Crystal Peach,lip gloss,Elsheskin,129000.0,4.8
Dream Glow Lip Gloss,Peachy,lip gloss,Masami,99000.0,4.9
Lippie Serum,DESCRIPTION,lip gloss,Raecca,49000.0,4.0
Plump Max Lip Gloss,02 Amber,lip gloss,Focallure,0.0,4.4
Lip Glo Color Balm,504 Purple Punch,lip gloss,Red-A,42000.0,4.5
Lip Gloss,Jakarta,lip gloss,Esqa,100000.0,4.4
Gloss Bomb Universal Lip Luminizer,Fenty Glow,lip gloss,Fenty Beauty,300000.0,4.6
Gel Lip Gloss,Stargazing,lip gloss,Secondate,99000.0,4.2
Butter Gloss,Tiramisu,lip gloss,Nyx,75000.0,3.3
Forever Stay Comfort Lip Glaze,02 Hustle,lip gloss,Somethinc,129000.0,4.4
Oh My Gloss Lasting Glossy Lip Gloss,S01 Fireflies,lip gloss,Pinkflash,20000.0,4.1
Wondershine Lip Gloss,05 Clear Ice,lip gloss,Wardah,34000.0,3.6
Liquid Lip Color,Kissable Peach,lip gloss,Make Over,75000.0,4.3
Dewy-ful Lips Conditioning Lip Butter,040 DEW You Care?,lip gloss,Catrice,80000.0,4.5
Lip Gloss SPF 29 PA++++,Pink,lip gloss,Amaterasun,69000.0,4.7
Mean Girls Ink-Like Air Glosstick,Spring Fling,lip gloss,Mad For Makeup,149000.0,4.4
Wondershine Lip Gloss,02 Creamy Brown,lip gloss,Wardah,34000.0,3.7
Slim Lip Pencil,Nude Pink,lip liner,Nyx,75000.0,3.9
Ultra Smooth Lip Liner,Crepes,lip liner,Luxcrime,89000.0,4.0
Lip Liner,Satin Mauve,lip liner,Essence,40000.0,3.8
Lip Liner,Wish Me A Rose,lip liner,Essence,40000.0,4.3
Retractable Lip liner,Sienna,lip liner,Nyx,95000.0,3.6
Retractable Lip liner,Nude,lip liner,Nyx,105000.0,3.9
Infallible Never Fail Lip Liner,Nude,lip liner,L'Oreal Paris,115000.0,3.0
Lip Amplify Contour Line,02 Flatter,lip liner,Make Over,89.0,4.3
Lip Liner,Winter Berry,lip liner,Blp Beauty,89000.0,4.2
The ONE Colour Stylist Lip Liner,Nude Rose,lip liner,Oriflame,59000.0,2.8
Levres Contour Edition Lip Liner,02 Coton Candy,lip liner,Bourjois,90000.0,4.5
Lasting Finish 1000 Kisses Lip Liner,Spice,lip liner,Rimmel,40949.0,4.1
Kiss Proof,8,lip liner,Menow,0.0,4.0
Lip Liner,Classic Beige,lip liner,Blp Beauty,89000.0,4.8
Drawing Lip Pen,Crush On You,lip liner,3Ce,95000.0,3.5
Lip Pencil,Rose,lip liner,Bobbi Brown,300000.0,4.8
Lip Pencil,Boldly Bare,lip liner,Mac,410000.0,4.5
Barry M Lip Liner,Mulberry,lip liner,Barry M,50000.0,4.8
Soft Touch Auto Lipliner,Soft Rose,lip liner,Etude House,35000.0,4.3
Smooth Lip Liner,Garnet,lip liner,Misslyn,45000.0,3.4
Lip Amplify Contour Line,01 Exposed,lip liner,Make Over,89.0,4.3
Slim Lip Pencil,Soft Brown,lip liner,Nyx,50000.0,3.8
Aqua Lip (Waterproof Lip Liner Pencil),3c,lip liner,Make Up For Ever,280000.0,4.0
Lip Liner,15 Honey Berry,lip liner,Essence,40000.0,4.7
Slim Lip Pencil,Earth Tone,lip liner,Nyx,48738.0,4.5
Studio Matte Lip Color,Tea rose,lip liner,E.L.F,75000.0,2.7
Endless Auto Lip Liner,Berries,lip liner,L.A. Girl,60000.0,4.2
ColorStay Lipliner,Wine,lip liner,Revlon,60000.0,3.6
Slim Lip Pencil,Burgundy,lip liner,Nyx,75000.0,4.8
The ONE Colour Stylist Lip Liner,Spicy Nude,lip liner,Oriflame,59000.0,5.0
Slim Lip Pencil,Deep Red,lip liner,Nyx,50000.0,4.2
Define Me Lip Liner x Sara Robert,Energy,lip liner,Secondate,89000.0,4.8
Long Lasting Lip Pencil,100 Upper Brown Shade,lip liner,Catrice,40000.0,3.3
Long Lasting Lip Pencil,That's What Rose Wood Do!,lip liner,Catrice,31000.0,2.4
The ONE Colour Stylist Lip Liner,Vibrant Pink,lip liner,Oriflame,59000.0,4.8
Matte Auto Lip Liner,Nude,lip liner,City Color,50000.0,3.5
Color Icon Lip Liner Pencil,Plumberry,lip liner,Wet N Wild,27482.0,2.8
Silky Girl Long-Wearing Lip Liner,Maroon,lip liner,Silkygirl,32000.0,4.8
Lip liner,Pastel Pink,lip liner,Pac,90000.0,3.9
Studio Matte Lip Color,Praline,lip liner,E.L.F,75000.0,2.6
Lip Liner,Toasted Brown,lip liner,Blp Beauty,89000.0,5.0
Lip Liner,Femme Fatale,lip liner,Essence,40000.0,4.0
Lip Liner x Gigi Hadid,Khair,lip liner,Maybelline,80000.0,3.7
Charlotte Tilbury Lip Cheat,Pillow Talk,lip liner,Charlotte Tilbury,286.0,4.7
Retractable Lip liner,Nude Pink,lip liner,Nyx,105000.0,4.1
Long-Wearing Lipliner,02 Mauve,lip liner,Silkygirl,39500.0,3.7
Aqua Lip (Waterproof Lip Liner Pencil),Rosewood/02C,lip liner,Make Up For Ever,248853.0,4.5
Lip Liner,07 Cute Pink,lip liner,Essence,40000.0,3.3
(P)outliner Longwear Lip Pencil,Cream and Sugar,lip liner,Marc Jacobs,360000.0,4.0
Retractable Lip liner,Plum,lip liner,Nyx,105000.0,2.9
Studio Matte Lip Color,Rich Red,lip liner,E.L.F,39465.0,3.8
Studio Matte Lip Color,Dash of Pink,lip liner,E.L.F,39465.0,4.0
Lip Liner,In the Nude,lip liner,Essence,40000.0,3.5
Velvet Matt Lip Colour & Contour,060 In The Mood for Dragon Fruit,lip liner,Catrice,48000.0,2.3
Long Lasting Lip Liner,Prince Cherry,lip liner,Catrice,45000.0,4.0
Color Icon Lip Liner Pencil,Willow,lip liner,Wet N Wild,50000.0,3.9
Easy Liner for Lips,Tawny,lip liner,Jordana,33911.0,3.3
ColorStay Lipliner,Rose 655,lip liner,Revlon,60000.0,3.9
Endless Semi Permanent Auto Lip Liner,Berries,lip liner,L.A. Girl,67200.0,3.1
Kiss Proof,9,lip liner,Menow,25000.0,2.6
Valipcious Liner,Beach Babe,lip liner,Mizzu,55000.0,2.3
The ONE Colour Stylist Lip Liner,Smoke Red,lip liner,Oriflame,59000.0,4.0
Lip Liner,Soft Berry,lip liner,Essence,40000.0,4.5
Anti Feathering Lipliner,Translucent,lip liner,Milani,75000.0,4.0
Lip Liner,04 Mauve Berry,lip liner,The Body Shop,119000.0,3.4
Long Lasting Lip Pencil,130 Prince Cherry,lip liner,Catrice,31000.0,3.3
SILKY GIRL LIP MATTE,Silky girl,lip liner,Silkygirl,30.0,3.9
Lip Liner Pencil,Lust Brown,lip liner,Make Over,72500.0,3.9
Retractable Lip liner,Fruit Punch,lip liner,Nyx,105000.0,3.5
Lippie Pencil,Bossy,lip liner,Colourpop Cosmetics,65625.0,5.0
The ONE Colour Stylist Lip Liner,Perfect Pink,lip liner,Oriflame,59000.0,4.3
Kiss Proof,5,lip liner,Menow,35000.0,2.7
Lip Liner,10 Pink Brown,lip liner,The Body Shop,119000.0,3.1
Ultra Smooth Lip Liner,Truffle,lip liner,Luxcrime,89000.0,4.3
Long Lasting Lip Pencil,020. Hey Macademia Ahey!,lip liner,Catrice,0.0,3.8
Color Contour Plus Lip Liner,Cinnamon,lip liner,Inez Cosmetics,38000.0,3.4
Lip Liner,03 Clover Pink,lip liner,The Body Shop,119000.0,4.6
Drawing Lip Pen,Endear,lip liner,3Ce,95000.0,3.3
Long Lasting Lip Pencil,170 Plumplona Olé,lip liner,Catrice,31000.0,4.7
Retractable Lip liner,Natural,lip liner,Nyx,105000.0,3.7
Lip Liner Pencil,Sexy Pink,lip liner,Make Over,79000.0,4.0
Kiss Proof,No.19,lip liner,Menow,0.0,1.8
Long-Wearing Lipliner,01 Nude,lip liner,Silkygirl,30000.0,4.0
Lip Liner,Dusty Rose,lip liner,Blp Beauty,89000.0,4.6
Lip Liner,13 Rosy Red,lip liner,The Body Shop,119000.0,4.3
Lippie Pencil,Button,lip liner,Colourpop Cosmetics,65625.0,4.3
Long Lasting Lip Pencil,150 Vintage Rose,lip liner,Catrice,31000.0,2.0
Studio Matte Lip Color,Natural,lip liner,E.L.F,85000.0,3.4
Kiss Proof,12,lip liner,Menow,17000.0,2.3
Longlasting Lipliner,Sweetheart,lip liner,Essence,270000.0,4.2
Long Lasting Lip Pencil,070 I Got You Babe!,lip liner,Catrice,31.0,3.2
LUXE LIQUID LIP HIGH SHINE,Barely Nude,lip liner,Bobbi Brown,37.0,5.0
Flormar lip pen,228,lip liner,Flormar,65000.0,4.5
Slim Lip Pencil,Natural,lip liner,Nyx,75000.0,3.6
The ONE Colour Stylist Lip Liner,Coral Ideal,lip liner,Oriflame,59000.0,4.1
Endless Semi Permanent Auto Lip Liner,Mauvelous,lip liner,L.A. Girl,50000.0,3.5
Long-Wearing Lipliner,03 Rose,lip liner,Silkygirl,45000.0,3.9
Wonder Colour Lip Liner,Perfect Pink,lip liner,Oriflame,0.0,4.4
Retractable Lip liner,Nutmeg,lip liner,Nyx,105000.0,3.9
Lip Liner Pencil,Reddish Junk,lip liner,Make Over,72500.0,3.9
Kiss Proof,18,lip liner,Menow,25000.0,2.0
Endless Semi Permanent Auto Lip Liner,Natural,lip liner,L.A. Girl,50000.0,3.8
The ONE Colour Stylist Lip Liner,Clover Haze,lip liner,Oriflame,59000.0,4.5
Color Contour Plus Lip Liner,Wine Red,lip liner,Inez Cosmetics,34000.0,4.1
Kylie Lip Kit,Ginger,lip liner,Kylie Cosmetics,29.0,4.3
Kiss Proof,6,lip liner,Menow,11000.0,2.6
Lip Liner,08 Red Blush,lip liner,Essence,40000.0,4.3
Automatic Lip Liner,Bois de Rose,lip liner,Yves Rocher,80000.0,4.3
Define Me Lip Liner x Sara Robert,Journey,lip liner,Secondate,89000.0,4.7
Retractable Lip liner,Peony,lip liner,Nyx,105000.0,2.5
Long Lasting Lip Pencil,Hey Macadamia Aheyyy,lip liner,Catrice,35000.0,3.7
Define Me Lip Liner x Sara Robert,Growth,lip liner,Secondate,89000.0,4.3
Perfect Pout Gel Lip Liner,651B Bare to Comment,lip liner,Wet N Wild,50000.0,4.8
Kylie Lip Kit,Kristen,lip liner,Kylie Cosmetics,380000.0,4.3
Undressed Lip Set Limited Edition,DESCRIPTION,lip palette,Anastasia Beverly Hills,0.0,0.0
Pro Lip Cream Palette,The Pinks,lip palette,Nyx,0.0,3.5
Lip Colour Palette,1,lip palette,Lt Pro,125000.0,4.0
Luminance Lipstick,Splash Orange,lip palette,Lt Pro,76500.0,3.2
Lip Palette,Perfect Red,lip palette,Wardah,66000.0,3.1
Lip Gel Crush,343 Naughty Berry,lip palette,Hera,500000.0,0.0
Rouge Artist Palette,07 Brown,lip palette,Make Up For Ever,630000.0,5.0
So TINTillating,DESCRIPTION,lip palette,Benefit,264005.0,0.0
Play Color Lips & Cheek,Tea Time,lip palette,Etude House,130000.0,0.0
Lip Colour Palette,Peplum Pink,lip palette,Make Over,120000.0,3.4
J.Cat Beauty Freedom Creator Mix Lip Palette,Freedom First,lip palette,J.Cat Beauty,270.0,4.5
Artistry Lipcolor Duo,Golden Ember,lip palette,Artistry,0.0,5.0
Rouge Holic Color Autumn Palette,02 Warn Tone,lip palette,Hera,700000.0,4.0
Lip Palette,Pinky Peach,lip palette,Wardah,60000.0,3.2
Lip Colour Palette,Retro Red,lip palette,Make Over,125000.0,3.9
Lip Palette,Chocoaholic,lip palette,Wardah,80000.0,3.5
Nudestix Creator’s Palette,DESCRIPTION,lip palette,Nudestix,59.0,4.0
Rouge Holic Color Autumn Palette,01 Cool Tone,lip palette,Hera,700000.0,0.0
Creatrice Vinyl Lacquer Lip Palette 020 Embellished Boldness,DESCRIPTION,lip palette,Catrice,150000.0,4.5
Lip Palette,DESCRIPTION,lip palette,The Body Shop,249000.0,4.1
Soft Matte Lip Cream,03 Grace Choco,lip palette,Esenses,51500.0,5.0
Halo Lip Palette Aura,Aura,lip palette,Australis,159000.0,2.0
Soft Matte Lip Cream,01 Latte Please,lip palette,Esenses,42000.0,5.0
The One Lip Crayon,DESCRIPTION,lip palette,Oriflame,0.0,4.1
Play Color Lips & Cheek,Cake Shop,lip palette,Etude House,130000.0,0.0
Soft Matte Lip Cream,04 Taffy Fluffy,lip palette,Esenses,51500.0,5.0
Lip Palette,Brownie,lip palette,Zoya Cosmetics,62000.0,3.3
Lip Colour Palette,2,lip palette,Lt Pro,133000.0,4.0
Dear Darling Water Tint,Orange Ade,lip tint,Etude House,80000.0,3.4
Glossy Stain,01 Autumn Bell,lip tint,Emina,47500.0,4.7
Magic Potion,Smitten,lip tint,Emina,46000.0,3.9
Dear Darling Water Gel Tint Ice Cream,RD307 Watermelon,lip tint,Etude House,60000.0,3.3
Glossy Stain,07 French Vanilla,lip tint,Emina,54000.0,3.9
Tattoo Lip Tint,Comma,lip tint,3Ce,140000.0,4.0
Super Stay Vinyl Ink Longwear Liquid Lipcolor,35 Cheeky,lip tint,Maybelline,129900.0,4.6
Cheek and Liptint,05 Cranberry,lip tint,Implora,21000.0,4.1
Color Sensational Lip Tint,08 Berry,lip tint,Maybelline,119000.0,3.8
Jelly Tint,01 Mariposa,lip tint,Implora,19000.0,3.8
Matte Lip Paint,Allure,lip tint,Girlactik,310000.0,4.2
Tinted Lipcloud X Shani Amelia,Cuddle,lip tint,Jacquelle,139000.0,5.0
Glassy Lip Tint,05 Caramel,lip tint,Omg,27000.0,4.2
Dear Darling Water Gel Tint,RD302 Dracula Red,lip tint,Etude House,50000.0,4.2
Fresh Cherry Lip Tint,PK001 Cherry Pink,lip tint,Etude House,80000.0,3.2
Urban Lip Cream Matte,04 Medeline,lip tint,Implora,20000.0,3.8
Lip Tint,Cinnamon Roll,lip tint,La Tulipe,34000.0,3.7
Glow Tint X Molita,Loving,lip tint,Goban Cosmetics,100000.0,4.1
Hydraglow Lip Stain,Dear Olivia,lip tint,Dear Me Beauty,69000.0,4.1
Lip Creamtint,Iris,lip tint,Mirelle,109900.0,4.2
Tatouage Couture Liquid Matte Lip Stain,16 Nude Emblem,lip tint,Yves Saint Laurent,595000.0,4.2
Dear Darling Water Gel Tint Ice Cream,RD306 Shark Red,lip tint,Etude House,65000.0,3.5
Powerstay Transferproof Matte Lip Cream,B06 Powerful,lip tint,Make Over,120000.0,4.7
Tinted Lipcloud SPY X FAMILY Collection,Dream,lip tint,Jacquelle,139000.0,4.9
Lip Tint x NTOP,07 Wrapped in nude,lip tint,Syca,129000.0,3.8
My Lips Eat Cherry Aqua Tint,Juicy Red,lip tint,The Face Shop,119000.0,4.1
Slick Drip Serum Lip Tint,Burnt Chestnut,lip tint,Esqa,69000.0,4.7
Super Stay Vinyl Ink Longwear Liquid Lipcolor,60 Mischievous,lip tint,Maybelline,129900.0,4.3
Glow Up Tint,Brave,lip tint,Raecca,49000.0,4.5
Velvet Lip Tint,New Nude,lip tint,3Ce,219000.0,4.0
Tinted Lip Cloud,Loyal,lip tint,Jacquelle,119000.0,5.0
Peach Makes Perfect Lip Tint,02 Pretty Please,lip tint,Barenbliss,99000.0,4.2
Seamless Days 3in1 Eye Cheek Lip Color,04 Charming Cherry,lip tint,Base,105000.0,4.2
Tinted Lippie Cake,03 Pumpkin Cake,lip tint,Azarine Cosmetic,49000.0,4.5
My Lips Eat Cherry Aqua Tint,Bloody Red,lip tint,The Face Shop,99000.0,3.7
Delight Tony Tint,Orange Chacha,lip tint,Tony Moly,50000.0,3.6
Colorstay Moisture Stain,Stockholm Chic,lip tint,Revlon,99000.0,3.2
Cheek and Liptint,03 Candy Apple,lip tint,Implora,21000.0,4.2
Cheek and Liptint,02 Cherry Bomb,lip tint,Implora,21000.0,4.2
Lip Matte Cream,03 Coral Daisy,lip tint,Sis2Sis,25000.0,4.2
Delight Tony Tint,Cherry Pink,lip tint,Tony Moly,50000.0,3.3
Tinted Lipcloud SPY X FAMILY Collection,Bright,lip tint,Jacquelle,139000.0,5.0
Lip Tint Harry Potter Edition,Ravenclaw - Wisdom,lip tint,Rose All Day Cosmetics,129000.0,4.5
Lip Tint,03 Velvet Pink,lip tint,Syca,120000.0,4.5
Peach Makes Perfect Lip Tint,05 Good Vibes,lip tint,Barenbliss,69000.0,3.9
Jelly Tint Milk Tea Series,Raspberry Macchiato,lip tint,Pigeon Teens,42900.0,4.8
Velvet Lip Tint,Going Right,lip tint,3Ce,150000.0,3.9
Glossy Stain,05 Spring Dazzle,lip tint,Emina,47500.0,4.4
Lip Creamtint,Brooklyn,lip tint,Mirelle,109900.0,4.2
Milky Gel Lip Tint,Brunch,lip tint,Secondate,129000.0,3.5
Saemmul Real Tint,#1 Red,lip tint,The Saem,55000.0,3.9
Creamy Tint,Brick Town,lip tint,Emina,44000.0,4.2
Lip Tint,02 Tangerine Orange,lip tint,Syca,120000.0,4.2
Dear Darling Water Gel Tint,OR202 Orange Red,lip tint,Etude House,75000.0,3.5
Lip Creamtint,Simba,lip tint,Mirelle,109900.0,4.2
Ink Velvet,14 Rose Pink,lip tint,Peripera,100000.0,3.8
Ink Velvet,01 Sellout Red,lip tint,Peripera,80000.0,4.5
Super Stay Vinyl Ink Longwear Liquid Lipcolor,61 Risky,lip tint,Maybelline,132500.0,4.8
Ink Airy Velvet,Elf Light Rose,lip tint,Peripera,95000.0,3.9
Magic Potion,Sunglow,lip tint,Emina,46000.0,4.1
Velvet Lip Tint,Cheeky Rose,lip tint,3Ce,219000.0,4.6
Ombrella Lip Totem Tint,WDYT,lip tint,Somethinc,59000.0,4.5
Lovely Me Ex Aquaproof Marker Tint,Cherry,lip tint,The Face Shop,65000.0,3.8
DEWDROP! Lips and Cheek Tint,Cosmopolitan,lip tint,Rollover Reaction,109000.0,4.4
Powerstay Vivid Waterlite Lip Stain,A07 XOXO,lip tint,Make Over,105000.0,4.4
Get Inked!,02 Maroon Madness,lip tint,Pixy,55000.0,4.4
Fresh Cherry Lip Tint,PK002 Cherry Hot Pink,lip tint,Etude House,85000.0,3.7
Tintdorable Lip Stain,Coral,lip tint,Hanasui,20000.0,3.9
Vivid Cotton Ink,06 Fade Beige Tulip,lip tint,Innisfree,135000.0,4.0
WOW Long Lasting Lip Color,Rose Pink,lip tint,Monomola,50000.0,2.6
Zero Velvet Tint,06 Deep Soul,lip tint,Romand,150000.0,4.6
Urban Lip Cream Matte,13 Hazelnude,lip tint,Implora,24000.0,4.0
Ink Velvet,06 Celeb Deep Rose,lip tint,Peripera,85000.0,4.4
Tinted Lipcloud SPY X FAMILY Collection,Shine,lip tint,Jacquelle,139000.0,4.9
Tintdorable Lip Stain,Rosy,lip tint,Hanasui,18000.0,4.4
Glassy Lip Tint,01 Crepe,lip tint,Omg,27000.0,4.6
Urban Lip Cream Matte,03 Dark Berry,lip tint,Implora,17000.0,3.9
Jelly Tint,Berry Kiss,lip tint,Pigeon Teens,35000.0,4.2
Lip Tint Harry Potter Edition,Gryffindor - Courage,lip tint,Rose All Day Cosmetics,129000.0,4.3
Cloud Touch Fixing Lip Tint,R868 Sun 'n Fun,lip tint,You Beauty,93000.0,4.2
Cheek and Liptint,06 Pumpkin,lip tint,Implora,21000.0,4.1
UV Lip Tint,Summer Fling,lip tint,Masami,79000.0,4.2
Glossy Stain,02 Apple Shower,lip tint,Emina,47500.0,4.7
Dear Darling Water Gel Tint,BK801 Vampire Red,lip tint,Etude House,75000.0,3.7
Lip Tint,04 Caramel Beige,lip tint,Syca,120000.0,4.5
Creamy Tint,Sunbeam,lip tint,Emina,44000.0,4.3
Dear Darling Water Gel Tint,OR204 Cherry Red,lip tint,Etude House,40000.0,3.9
Khelir Cotton Lip Tint,Lia Love,lip tint,Sada Hybrid Beauty,79000.0,4.6
Urban Lip Cream Matte,10 Gingerbread,lip tint,Implora,22000.0,4.1
Tint Me!,03 That Orange,lip tint,Pixy,45000.0,4.0
Lip Crayon,Coral Crush,lip tint,Nivea,67500.0,4.2
Ultra Light Lip Stain,Apricot,lip tint,Luxcrime,109000.0,4.7
Eco Fruit Tint,Cherry,lip tint,Innisfree,60000.0,3.6
Seamless Days 3in1 Eye Cheek Lip Color,02 Playful Peach,lip tint,Base,105000.0,5.0
Jelly Tint,09 Rosewood,lip tint,Implora,19000.0,4.3
Delight Tony Tint,Red,lip tint,Tony Moly,50000.0,3.5
Urban Lip Cream Matte,01 Dusky Nude,lip tint,Implora,25000.0,4.1
Magic Potion,Sienna,lip tint,Emina,46000.0,4.2
Juicy Lasting Tint,05 Jujube,lip tint,Romand,143000.0,4.8
Dior Addict Lip Tattoo,351 Natural Nude,lip tint,Dior,450000.0,4.2
Tintdorable Lip Stain,Dreamy,lip tint,Hanasui,20000.0,4.4
Glossy Stain,03 Candy Rain,lip tint,Emina,47500.0,4.4
Peach Makes Perfect Lip Tint,01 Paradise Found,lip tint,Barenbliss,99000.0,4.1
Cherry Makes Cheerful Lip Velvet,01 Blushed Moment,lip tint,Barenbliss,69000.0,4.3
Super Stay Vinyl Ink Longwear Liquid Lipcolor,15 Peachy,lip tint,Maybelline,129900.0,4.1
Dior Addict Lip Tattoo,761 Natural Cherry,lip tint,Dior,450000.0,4.1
UV Lip Tint,Blind Date,lip tint,Masami,79000.0,5.0
Urban Lip Cream Matte,09 Butterscotch,lip tint,Implora,22000.0,3.8
Powerstay Glazed Lock Lip Pigment,D11 Pompous 2.0,lip tint,Make Over,149000.0,4.6
Lip Honey Tint Marker,Red,lip tint,Moko Moko,49000.0,3.9
Ink Velvet,07 Dollish Beige Rose,lip tint,Peripera,75000.0,4.4
Tintdorable Lip Stain,Bloody,lip tint,Hanasui,20000.0,4.1
Juicy Lasting Tint,04 Fig Fig,lip tint,Romand,169000.0,4.8
2 in 1 Color Tint,03 Tangerine,lip tint,Purbasari,35000.0,4.4
Milky Gel Lip Tint,Netflixx,lip tint,Secondate,129000.0,4.1
Super Stay Vinyl Ink Longwear Liquid Lipcolor,10 Lippy,lip tint,Maybelline,129900.0,4.3
Tintdorable Lip Stain,Cherry,lip tint,Hanasui,20000.0,4.6
Tint Me!,02 On Pink,lip tint,Pixy,45000.0,3.9
Dear Darling Water Gel Tint,RD301 Real Red,lip tint,Etude House,75000.0,3.8
Dear Darling Water Gel Tint,OR201 Kumquat Red,lip tint,Etude House,50000.0,4.1
Jelly Tint,08 Burnt Orange,lip tint,Implora,19000.0,4.5
Lip Crayon,Poppy Red,lip tint,Nivea,67500.0,4.4
Powerstay Transferproof Matte Lip Cream,B07 Amplify,lip tint,Make Over,120000.0,4.6
Water Light Tint,CR03,lip tint,Apieu,90000.0,4.0
Water Light Tint,RD03,lip tint,Apieu,90000.0,4.4
Everyday Cheek & Lip Tint,My Baerry,lip tint,Wardah,40000.0,3.8
Dior Addict Lip Tattoo,451 Natural Coral,lip tint,Dior,450000.0,4.2
Khelir Cotton Lip Tint,Rosy Rosi,lip tint,Sada Hybrid Beauty,79000.0,4.7
Lip Cream,13 Crown Tassia,lip tint,Raiku Beauty,118000.0,4.1
Lip Stain,Heather Peach,lip tint,Blp Beauty,99000.0,3.5
Urban Lip Cream Matte,02 Terracotta,lip tint,Implora,25000.0,3.8
Tinted Lipcloud X Shani Amelia,BFF,lip tint,Jacquelle,139000.0,4.2
Powerstay Vivid Waterlite Lip Stain,A03 Kiss Bang,lip tint,Make Over,105000.0,4.5
Ink Airy Velvet,Glimpse Brick Brown,lip tint,Peripera,85000.0,4.1
Colorburst Balm Stain,Honey,lip tint,Revlon,99000.0,3.5
Creamy Tint,Peach Crush,lip tint,Emina,44000.0,4.3
Tint Me!,01 In Red,lip tint,Pixy,45000.0,4.0
Peach Makes Perfect Lip Tint,04 Never Settle,lip tint,Barenbliss,69000.0,4.7
LipCloud - Disney 100 Mickey Minnie Edition,Oh Boy,lip tint,Jacquelle,159000.0,4.3
Plush Lip Tint,Créme Brulee,lip tint,Rose All Day Cosmetics,126000.0,4.6
Mini Liptint,Pink,lip tint,Odbo,25000.0,2.6
Dear Darling Water Tint,Cherry Ade,lip tint,Etude House,70000.0,3.8
Tintdorable Lip Stain,Peachy,lip tint,Hanasui,20000.0,4.0
Dior Addict Lip Tattoo,771 Natural Berry,lip tint,Dior,450000.0,4.2
Water Light Tint,CR02,lip tint,Apieu,0.0,4.0
Water Light Tint,RD04,lip tint,Apieu,80000.0,4.1
Everyday Cheek & Lip Tint,Pink On Point,lip tint,Wardah,40000.0,4.1
Cloud Touch Fixing Lip Tint,R688 Blushing Sky,lip tint,You Beauty,93000.0,4.9
Glossy Stain,04 Peach Sprinkles,lip tint,Emina,47500.0,4.3
Hydra Lip and Cheek Tint,Nude Whisper,lip tint,Mineral Botanica,51900.0,4.2
Tinted Lip Cloud,Kind,lip tint,Jacquelle,119000.0,5.0
LipCloud - Disney 100 Mickey Minnie Edition,First Kiss,lip tint,Jacquelle,159000.0,4.3
Tintdorable Lip Stain,Ruby,lip tint,Hanasui,20000.0,4.4
Color Sensational Lip Tint,07 Apricot,lip tint,Maybelline,120000.0,4.1
Super Stay Vinyl Ink Longwear Liquid Lipcolor,65 Saucy,lip tint,Maybelline,129900.0,4.2
Powerstay Transferproof Matte Lip Cream,B05 Fired Up,lip tint,Make Over,120000.0,4.8
Vivid Cotton Ink,08 Dried Tulip Nude,lip tint,Innisfree,135000.0,4.1
Tinted Lippie Cake,02 Choco Biscuit,lip tint,Azarine Cosmetic,49000.0,4.3
Magic Potion,Summer,lip tint,Emina,44000.0,4.3
Lip Cream,05 Earth Intan,lip tint,Raiku Beauty,118000.0,4.2
Cloud Touch Fixing Lip Tint,R567 Breezy Day,lip tint,You Beauty,93000.0,4.2
Dear Darling Water Tint,Strawberry Ade,lip tint,Etude House,70000.0,3.3
Tinted Lip Cloud Disney Winnie The Pooh Edition,Confident,lip tint,Jacquelle,119000.0,4.2
Lip Creamtint,Rose,lip tint,Mirelle,109900.0,4.2
Powerstay Glazed Lock Lip Pigment,D01 Lover,lip tint,Make Over,149000.0,3.9
Magic Potion,Scarlet,lip tint,Emina,46000.0,3.9
Stainiac Lip and Cheek Stain,DESCRIPTION,lip tint,Thebalm,325000.0,4.5
Everyday Cheek & Lip Tint,"RED, Set, Glow!",lip tint,Wardah,36.0,4.3
Lip Tint,Red Velvet,lip tint,La Tulipe,40000.0,3.7
Milky Gel Lip Tint,Naughty,lip tint,Secondate,129000.0,4.0
Cheek and Liptint,04 Red Wine,lip tint,Implora,21000.0,4.2
Cloud Touch Fixing Lip Tint,R199 Airy Kiss,lip tint,You Beauty,93000.0,5.0
Lip Stain,Wild Berries,lip tint,Blp Beauty,99000.0,3.3
Water Stain,02 Summer Peach,lip tint,Rabbit Habit,168000.0,4.2
Water Stain,05 Screen Siren,lip tint,Rabbit Habit,168000.0,5.0
Moist Dew Tint,01 Rosemilk Parfait,lip tint,Wardah,64000.0,4.2
Glassy Lip Tint,04 Burgundy,lip tint,Omg,27000.0,4.5
Super Stay Vinyl Ink Longwear Liquid Lipcolor,62 Irresistible,lip tint,Maybelline,121600.0,4.6
Plump Tint with Stain Formula,Shy,lip tint,Reveline,68000.0,3.9
Cloud Touch Fixing Lip Tint,R667 Puffy Sky,lip tint,You Beauty,0.0,4.2
Urban Lip Cream Matte,12 Brown Sugar,lip tint,Implora,22000.0,3.8
2 in 1 Color Tint,01 Scarlet,lip tint,Purbasari,35000.0,3.7
Dear Darling Water Gel Tint,PK002 Plum Red,lip tint,Etude House,75000.0,4.1
Fresh Cherry Lip Tint,RD301 Cherry Red,lip tint,Etude House,84000.0,3.6
Dior Addict Lip Tattoo,421 Natural Beige,lip tint,Dior,0.0,4.4
Dior Addict Lip Tattoo,491 Natural Rosewood,lip tint,Dior,460000.0,4.3
Tintdorable Lip Stain,Sweet,lip tint,Hanasui,20000.0,4.5
Lip Creamtint,Bailey,lip tint,Mirelle,109900.0,4.2
Liptone Get It TInt,06 Dark Night,lip tint,Tony Moly,95000.0,4.3
Stain Plump Tint,Humble,lip tint,Reveline,77000.0,4.3
Lip Tint,Cotton Candy,lip tint,La Tulipe,40000.0,3.3
Water Stain,04 Pretty Pitaya,lip tint,Rabbit Habit,168000.0,4.2
Ink Airy Velvet,My Brown Coral,lip tint,Peripera,95000.0,4.1
Milky Gel Lip Tint,Gallery,lip tint,Secondate,129000.0,4.0
Dear Darling Water Gel Tint,PK001 Berry Red,lip tint,Etude House,75000.0,3.5
Magnifique Lip Tint,3,lip tint,Madame Gie,23000.0,3.9
Super Stay Vinyl Ink Longwear Liquid Lipcolor,120 Punchy,lip tint,Maybelline,129900.0,4.6
Lip Creamtint,Stormi,lip tint,Mirelle,109900.0,4.3
Ombrella Lip Totem Tint,Twinnie,lip tint,Somethinc,59000.0,4.7
Cloud Touch Juicy Tint,R277 Pink Fizz,lip tint,You Beauty,77000.0,5.0
Wine Lip Tint,RD01 Shiraz Red,lip tint,Labiotte,150000.0,3.6
Lip and Cheek Stain,Pink Rose,lip tint,The Body Shop,179000.0,3.0
Water Stain,03 Amarena Cherry,lip tint,Rabbit Habit,168000.0,4.3
Sugar Glow Tint,1 Strawberry Sweet,lip tint,Peripera,116000.0,4.0
Benetint Cheek & Lip Stain,DESCRIPTION,lip tint,Benefit,500000.0,3.5
Powerstay Glazed Lock Lip Pigment,D07 Hallway,lip tint,Make Over,149000.0,4.2
Tinted Lipcloud SPY X FAMILY Collection,Eclipse,lip tint,Jacquelle,139000.0,4.2
Posietint Cheek & Lip Stain,DESCRIPTION,lip tint,Benefit,500000.0,3.4
Color Sensational Lip Tint,01 Punch,lip tint,Maybelline,119000.0,3.9
Tinted Lipcloud X Shani Amelia,Love,lip tint,Jacquelle,139000.0,5.0
Lip and Cheek Stain,Bright Peony,lip tint,The Body Shop,209000.0,3.9
Lip Tint,Butter Scotch,lip tint,La Tulipe,38000.0,3.2
Creamy Tint,Cherry Soda,lip tint,Emina,44000.0,4.3
Cloud Touch Fixing Lip Tint,P796 Misty Night,lip tint,You Beauty,93000.0,4.9
Lip Tint,Peach Cake,lip tint,La Tulipe,40000.0,3.5
Dior Addict Lip Tattoo,541 Natural Sienna,lip tint,Dior,540000.0,4.3
Ink Velvet,05 Inktude Rose,lip tint,Peripera,85000.0,4.1
Peach Makes Perfect Lip Tint,06 Brave Enough,lip tint,Barenbliss,69000.0,4.2
Ink Airy Velvet,Pretty Orange Pink,lip tint,Peripera,95000.0,4.0
Tinted Lip Cloud,Gentle,lip tint,Jacquelle,119000.0,4.2
Cheek and Liptint,01 Vampire Blood,lip tint,Implora,21000.0,4.2
Seamless Days 3in1 Eye Cheek Lip Color,01 Cozy Caramel,lip tint,Base,105000.0,4.2
Dear Darling Water Gel Tint,PK003 Sweet Potato Red,lip tint,Etude House,70000.0,4.0
Ombrella Lip Totem Tint,Nikola,lip tint,Somethinc,59000.0,4.2
Rosy Tint Lips,#6,lip tint,Etude House,100000.0,2.9
Lipill,Butterscotch,lip tint,Madame Gie,18000.0,4.3
Magic Potion,Sassy,lip tint,Emina,46000.0,3.8
Juicy Berry Tint,Peachy,lip tint,Solcare,49900.0,4.3
Ultra Light Lip Stain,Glasstonberry,lip tint,Luxcrime,109000.0,4.4
Powerstay Transferproof Matte Lip Cream,B03 Hype,lip tint,Make Over,120000.0,4.5
Lip Stain,Grenadine Red,lip tint,Blp Beauty,99000.0,3.7
Creamy Tint,Wild Berry,lip tint,Emina,44000.0,4.4
Lip and Cheek Stain,Dark Cherry,lip tint,The Body Shop,209000.0,3.8
Water Stain,01 Cherry Blossom,lip tint,Rabbit Habit,168000.0,5.0
Colorfit Velvet Matte Lip Mousse,13 Sweet Cinnamon,lipstick,Wardah,73000.0,4.4
Lip Velvet,01 Pretty Please,lipstick,Azzura,64500.0,4.4
Rouge Signature Liquid Lipstick,103 I Enjoy,lipstick,L'Oreal Paris,150000.0,4.6
Exclusive Matte Lip Cream,06 Feeling Red,lipstick,Wardah,66500.0,4.2
Rouge Edition Velvet,Happy Nude Year,lipstick,Bourjois,188000.0,3.6
Soft Matte Lip Cream,Stockholm,lipstick,Nyx,125000.0,3.8
Lip Cream,08 Delicate Pink,lipstick,Pixy,45000.0,3.5
Ultra Matte Lip,Bumble,lipstick,Colourpop Cosmetics,145000.0,3.5
Color Sensational Creamy Mattes Lipstick,Clay Crush,lipstick,Maybelline,55000.0,4.5
Color Stick Matte Crayon,104 Blake,lipstick,Make Over,99000.0,4.3
Perfect Matte Lip Coat,Dear Felice,lipstick,Dear Me Beauty,109000.0,4.7
The Powder Mattes by Color Sensational,Mauve It Up,lipstick,Maybelline,55000.0,3.9
Everyday! Matte Lip Shot,03 #nowplaying,lipstick,Wardah,45000.0,4.2
Rouge Signature Liquid Lipstick,115 I Am Worth It,lipstick,L'Oreal Paris,150000.0,4.4
Perfect Matte Lip Color,705 Mocha,lipstick,Viva Cosmetics,34000.0,4.3
Soft Matte Lip Cream,Buenos Aires,lipstick,Nyx,125000.0,3.5
Lip Cream,02 Party Red,lipstick,Pixy,45000.0,3.6
Intense Matte Lipstick,04 Mauve Mellow,lipstick,Wardah,46000.0,3.9
Waterproof Matte Liquid Lipstick,Chestnut,lipstick,Focallure,74000.0,2.8
Super Lustrous Lipstick Matte,Mauve it Over,lipstick,Revlon,65000.0,3.7
Perfect Matte Lip Coat,Dear Winna,lipstick,Dear Me Beauty,109000.0,4.4
Superstay Matte Ink Liquid Lipstick,Loyalist,lipstick,Maybelline,115000.0,3.8
Creamatte Lip Cream,Chocolava,lipstick,Emina,47500.0,4.1
Oh My Glam Matte Kiss Lip Cream,11 Bumble,lipstick,Omg,25000.0,4.6
Lip Paint,03 Holy Berry,lipstick,Zoya Cosmetics,65000.0,4.0
Pure Moist Lips,Rose,lipstick,Nameera,67000.0,3.5
Exclusive Matte Lip Cream,15 Pinky Plumise,lipstick,Wardah,55000.0,4.2
Perfect Matte Lip Coat,Dear Daisy,lipstick,Dear Me Beauty,109000.0,4.7
Long Lasting Lipstick,11 Cherrie Glam,lipstick,Wardah,42000.0,3.3
Super Lustrous Lipstick,Almost Nude,lipstick,Revlon,37000.0,3.5
Magnifique Lip Liquid Matte,407 Pretentious,lipstick,Madame Gie,30000.0,2.9
Meet Matt(e) Hughes Long-Lasting Liquid Lipstick,Sincere,lipstick,Thebalm,260000.0,4.6
Superstay Matte Ink Liquid Lipstick,Fighter,lipstick,Maybelline,115000.0,4.3
Lipstick Color Matte,88 Amethyst,lipstick,Purbasari,32000.0,3.8
Lip Velvet SPY x Family Edition,Lucky,lipstick,Jacquelle,139000.0,4.2
Matte It Perfect Lip Cream,Summer Peach,lipstick,Safi,97000.0,4.6
Poppin Matte,05 Easy Peasy,lipstick,Emina,48000.0,4.6
Superstay Matte Ink Liquid Lipstick,Pioneer,lipstick,Maybelline,115000.0,4.6
Intense Matte Lip Cream,012 Couture,lipstick,Make Over,100000.0,4.1
Matte Lipstick,04 Peach perfect,lipstick,Azzura,43200.0,4.4
Intense Matte Lip Cream,004 Vanity,lipstick,Make Over,100000.0,4.4
Valipcious Velvet Matte,Amore,lipstick,Mizzu,79000.0,4.0
Rouge Signature Liquid Lipstick,119 I Dream,lipstick,L'Oreal Paris,150000.0,4.6
Mattedorable Lipcream,05 Classy,lipstick,Hanasui,30000.0,4.8
Color Riche Matte Lipstick,202 Maple Mocha,lipstick,L'Oreal Paris,69000.0,4.5
Infallible Matte Resistance,115 Snooze Your Alarm,lipstick,L'Oreal Paris,139000.0,4.2
Sueded! Lip and Cheek Cream,Umma,lipstick,Rollover Reaction,119000.0,4.3
Superstay Matte Ink Blushed Edition,365 Enthusiast,lipstick,Maybelline,125000.0,4.8
Sueded! Lip and Cheek Cream,Lucy,lipstick,Rollover Reaction,119000.0,3.8
Lipstick Color Matte,86 Topaz,lipstick,Purbasari,32000.0,4.2
Soft Matte Lip Cream,Ibiza,lipstick,Nyx,125000.0,3.8
Lip Mousse Records,Groovy Theory - Reformulation in February 2023,lipstick,Rose All Day Cosmetics,99000.0,4.3
Intense Matte Lip Cream,003 Secret,lipstick,Make Over,100000.0,4.1
Soft Matte Lip Cream,Cannes,lipstick,Nyx,125000.0,4.1
Intense Matte Lipstick,01 Socialite Peach,lipstick,Wardah,46000.0,3.5
Everyday! Matte Lip Shot,01 #fyp,lipstick,Wardah,45000.0,4.8
Exclusive Matte Lip Cream,12 Plum It Up,lipstick,Wardah,66500.0,4.1
Perfect Matte Lip Coat,Dear Rachel,lipstick,Dear Me Beauty,109000.0,4.4
Matte In Love,Merry Orange,lipstick,Pixy,43000.0,4.3
Matte Cream,Adorable Nude,lipstick,Lip Ice,46.0,3.8
Colorfit Last All Day Lip Paint,Red Repeat,lipstick,Wardah,65000.0,4.2
The Powder Mattes by Color Sensational,Touch of Nude,lipstick,Maybelline,55000.0,4.1
Exclusive Matte Lip Cream,13 Fruit Punch,lipstick,Wardah,66500.0,4.2
Infallible Matte Resistance,150 Lazy Sunday,lipstick,L'Oreal Paris,139000.0,5.0
Glasting Liquid Lip,06 Ruby Sparks,lipstick,Wardah,93000.0,4.1
Lip Color Lipstick,J-39,lipstick,Just Miss Cosmetics,15000.0,3.5
Super Lustrous Lipstick,Nude Velvet,lipstick,Revlon,37000.0,3.8
Super Lustrous Lipstick,Pink in the Afternoon,lipstick,Revlon,35000.0,3.7
Sensational Liquid Matte,Best Babe,lipstick,Maybelline,65000.0,4.1
HI-MATTE Lip Cream,01 Vinca,lipstick,Purbasari,52800.0,3.1
Perfect Matte Lip Coat,Dear Luna,lipstick,Dear Me Beauty,109000.0,4.3
Long Lasting Lipstick,03 Simply Brown,lipstick,Wardah,49000.0,3.8
Oh So Kissable Lipstick,08 Fantasti Cho,lipstick,Emina,25000.0,3.7
Lip Cloud,Star - Reformulation in August 2022,lipstick,Jacquelle,109000.0,4.5
Mattedorable Lipcream,08 Fancy,lipstick,Hanasui,30000.0,4.7
Color Sensational Vivid Matte Lipstick,MAT 12,lipstick,Maybelline,110000.0,3.1
Colorfit Last All Day Lip Paint,Peach Till Drop,lipstick,Wardah,65000.0,4.0
Exclusive Matte Lip Cream,14 My Honey Bee,lipstick,Wardah,59000.0,3.8
Lip Gradation,Mauve 1,lipstick,Maybelline,109000.0,4.2
Exclusive Matte Lip Cream,17 Rosy Cheek,lipstick,Wardah,66500.0,4.1
Soft Matte Lip Cream,Monte Carlo,lipstick,Nyx,125000.0,4.2
Rouge Signature Liquid Lipstick,116 I Explore,lipstick,L'Oreal Paris,150000.0,4.4
Soft Matte Lip Cream,Istanbul,lipstick,Nyx,125000.0,3.8
Stay Matte Lip Cream,4,lipstick,La Tulipe,52500.0,3.7
MegaLast Lip Color,Just Peachy,lipstick,Wet N Wild,98000.0,2.9
Lip Cream,Sweet Candy,lipstick,Mahana,89000.0,4.2
Superstay Matte Ink Liquid Lipstick,Globetrotter,lipstick,Maybelline,115000.0,4.3
Daily Mood Lip Cream,305 Cozy Rosy,lipstick,Nacific Cosmetics,120000.0,4.4
Cliquematte Lip Stylo,201 Eclair,lipstick,Make Over,115000.0,4.3
Matte It Perfect Lip Cream,Pink Blossom,lipstick,Safi,97000.0,4.6
Long Lasting Matte Lip Cream,4,lipstick,Lt Pro,95000.0,4.0
Lip Cream,06 Bold Maroon,lipstick,Pixy,45000.0,4.2
Sensational Liquid Matte,Made Easy,lipstick,Maybelline,65000.0,4.3
Lip Cream,10 Sweet Choco,lipstick,Pixy,45000.0,4.1
Colorfit Fresh Matte Lip Ink,06 Hyped Up,lipstick,Wardah,62000.0,4.8
Lip Velvet SPY x Family Edition,Bloom,lipstick,Jacquelle,139000.0,5.0
Sensational Liquid Matte,BDay Suit On,lipstick,Maybelline,65000.0,4.1
Intense Matte Lipstick,03 Peach Perfect,lipstick,Wardah,46000.0,4.0
Superstay Matte Ink Un-Nude Liquid Lipstick,Ruler,lipstick,Maybelline,103000.0,4.4
Matte In Love,Exotic Nude,lipstick,Pixy,43000.0,4.3
Mattedorable Lipcream,07 Spark,lipstick,Hanasui,30000.0,4.7
Super Lustrous Lipstick,Ginger Rose,lipstick,Revlon,33000.0,3.8
Sueded! Lip and Cheek Cream,Lizzy,lipstick,Rollover Reaction,119000.0,4.0
Meet Matt(e) Hughes Long-Lasting Liquid Lipstick,Charming,lipstick,Thebalm,260000.0,4.1
Lip Couture,Latte Confession,lipstick,Lasplash,140000.0,3.5
Soft Matte Lip Cream,Copenhagen,lipstick,Nyx,125000.0,4.1
Glasting Liquid Lip,12 Shine Sorbet,lipstick,Wardah,93000.0,4.9
Moisture Boost Lipcolor Balm,Rose,lipstick,Silkygirl,59500.0,3.8
The Gold One Rouge Velvet Matte Lip Cream,08 Coco,lipstick,You Beauty,85000.0,4.1
Creamatte Lip Cream,Perky Plum,lipstick,Emina,47500.0,4.5
Soft Matte Lip Cream,Abu Dhabi,lipstick,Nyx,125000.0,4.1
Exclusive Matte Lip Cream,08 Pinkcredible,lipstick,Wardah,66500.0,3.9
Mattedorable Lipcream (Boba Edition),01 Forest Berry,lipstick,Hanasui,23500.0,4.0
Matte Lipstick,Velvet Teddy,lipstick,Mac,280000.0,4.1
Colorfit Velvet Matte Lip Mousse,14 Dainty Caramel,lipstick,Wardah,73000.0,4.8
The Powder Mattes by Color Sensational,Make Me Blush,lipstick,Maybelline,55000.0,3.6
Perfect Matte Lip Color,704 Barely Nude,lipstick,Viva Cosmetics,25000.0,3.9
Lipstick Color Matte,83 Pirus,lipstick,Purbasari,32000.0,3.9
Superstay Matte Ink Liquid Lipstick,Self-starter,lipstick,Maybelline,115000.0,4.4
Day to Day Series Lite Matte Lip Cream,03 Passionate,lipstick,Implora,29900.0,4.3
Lipstick Color Matte,92 Rose,lipstick,Purbasari,34000.0,3.8
Colorfit Last All Day Lip Paint,Stay Russet,lipstick,Wardah,65000.0,4.2
Holy Lip Creme,Hebe,lipstick,Looke Cosmetics,139000.0,4.6
Rouge Edition Velvet,Ole Flamingo,lipstick,Bourjois,188000.0,3.9
Matte Lipstick,Russian Red,lipstick,Mac,250000.0,4.5
Rouge Pur Couture Satin Radiance Lipstick,52 Rosy Coral/Rouge Rose,lipstick,Yves Saint Laurent,473580.0,4.0
Sueded! Lip and Cheek Cream,Maxwell,lipstick,Rollover Reaction,119000.0,4.4
Creamatte Lip Cream,Gingerale,lipstick,Emina,47500.0,4.6
Rouge Signature Liquid Lipstick,113 I Don't,lipstick,L'Oreal Paris,150000.0,4.5
Mattesetter Lip Matte Paint,03 Chic,lipstick,Instaperfect,89000.0,4.1
Soft Matte Lip Cream,Prague,lipstick,Nyx,125000.0,4.0
Ultra Hi-Matte Lipstick,006 Silky Blonde,lipstick,Make Over,89000.0,3.2
MegaLast Lip Color,In The Flesh,lipstick,Wet N Wild,98000.0,3.8
Lasting Matte Lip Cream,N05 Cookies,lipstick,Pinkflash,18500.0,4.1
Valipcious Velvet Matte,Choco Melt,lipstick,Mizzu,79000.0,4.1
Superstay Matte Ink Liquid Lipstick,Voyager,lipstick,Maybelline,115000.0,4.2
Sueded! Lip and Cheek Cream,Moss,lipstick,Rollover Reaction,119000.0,4.0
Rouge Signature Liquid Lipstick,114 I Represent,lipstick,L'Oreal Paris,150000.0,4.5
Exclusive Matte Lip Cream,07 Hello Ruby,lipstick,Wardah,66500.0,4.2
Exclusive Matte Lipstick,14 Velvety Brown,lipstick,Wardah,42000.0,3.6
The Gold One Rouge Velvet Matte Lip Cream,06 Kelly,lipstick,You Beauty,85000.0,4.6
Choco Rush Lip Cream,02 - Rouge in Minute,lipstick,Fanbo,50000.0,4.6
ElsheSkin X Tasya Farasya Nude Collection,DESCRIPTION,lipstick,Elsheskin,199000.0,3.9
Lip Cream,07 Vintage Rose,lipstick,Pixy,45000.0,3.0
Matte Pigment Gloss,Dreamy,lipstick,L.A. Girl,75000.0,2.5
Oh My Glam Matte Kiss Lip Cream Coffee Edition,Cappuccino,lipstick,Omg,19000.0,4.2
Long Lasting Lipstick,10 Stylish Mocca,lipstick,Wardah,46000.0,3.7
Intense Matte Lip Cream,013 Dainty,lipstick,Make Over,90000.0,4.2
Lipstick Color Matte,91 Opal,lipstick,Purbasari,32500.0,4.1
Mattesetter Lip Matte Paint,Vibe,lipstick,Instaperfect,89000.0,4.1
Soft Matte Lip Cream,San Paulo,lipstick,Nyx,125000.0,3.9
Sueded! Lip and Cheek Cream,Prudence,lipstick,Rollover Reaction,119000.0,4.4
Color Riche Matte Lipstick,242 Rose Nuance,lipstick,L'Oreal Paris,69000.0,4.4
My Precious Lip Cream X Regal,Mrs. Marie,lipstick,Moko Moko,24500.0,4.4
Matte Color,Sweet Peach,lipstick,Lip Ice,44500.0,3.6
Lip Cushion,02 Be Cherry,lipstick,Emina,56500.0,3.9
Daily Mood Lip Cream,245 Mysterious Mocha,lipstick,Nacific Cosmetics,120000.0,4.5
Oh My Glam Matte Kiss Lip Cream Coffee Edition,Espresso,lipstick,Omg,19000.0,4.6
Intense Matte Lipstick,11 Choco Town,lipstick,Wardah,46000.0,3.8
Mattedorable Lipcream,02 Posh,lipstick,Hanasui,30000.0,4.2
Mattedorable Lipcream (Boba Edition),02 Brown Sugar,lipstick,Hanasui,23500.0,4.2
Matte Lipstick,Rossana,lipstick,Elsheskin,49000.0,4.0
Long Lasting Matte Lip Cream,8,lipstick,Lt Pro,95000.0,4.3
Day to Day Series Keychain Lip Bullet,01 Intention,lipstick,Implora,27500.0,4.2
Glasting Liquid Lip,03 Dazzle Maple,lipstick,Wardah,93000.0,4.8
MegaLast Lip Color,Cherry Bomb,lipstick,Wet N Wild,98000.0,3.3
Valipcious Velvet Matte,Midnight Rush,lipstick,Mizzu,79000.0,4.3
Creamatte Lip Cream,Beet Bites,lipstick,Emina,47500.0,4.5
Soft Matte Lip Cream,London,lipstick,Nyx,125000.0,4.1
Lip Lingerie,Ruffle Trim,lipstick,Nyx,140000.0,3.7
MegaLast Lip Color,Coral-ine,lipstick,Wet N Wild,98000.0,3.3
Sueded! Lip and Cheek Cream,Livv,lipstick,Rollover Reaction,119000.0,4.3
Matte Pigment Gloss,Secret,lipstick,L.A. Girl,75000.0,3.2
Matte In Love,Ginger Ale,lipstick,Pixy,43000.0,3.9
Super Lustrous Lipstick,Sandalwood Beige,lipstick,Revlon,35000.0,4.2
Mattedorable Lipcream,01 Kiss,lipstick,Hanasui,30000.0,4.3
Sweet Cream Matte Liquid Lip Color,07 Tiramisu,lipstick,Jordana,85000.0,4.1
Colorfit Last All Day Lip Paint,Brownderlast,lipstick,Wardah,65000.0,4.2
Glasting Liquid Lip,01 Caramel Coat,lipstick,Wardah,93000.0,4.1
Mattedorable Lipcream,03 Star,lipstick,Hanasui,30000.0,4.8
She'll Kiss Forever Disney Princess Ariel Edition,Amber,lipstick,Jacquelle,139000.0,5.0
The Grail Soft Matte Lip Cream,Merlot,lipstick,Mineral Botanica,50000.0,4.2
Lipstick Color Matte,85 Safir,lipstick,Purbasari,32000.0,3.7
Lip Coat,Caramel Champagne,lipstick,Blp Beauty,129000.0,4.1
Day to Day Series Keychain Lip Bullet,04 Attention,lipstick,Implora,27500.0,4.2
Color Sensational Ultimatte Slim Lipstick,Taupe,lipstick,Maybelline,99000.0,4.9
Lip Cushion,01 Let It Peach,lipstick,Emina,56500.0,4.3
MegaLast Lip Color,Bare It All,lipstick,Wet N Wild,98000.0,3.4
Superstay Matte Ink Liquid Lipstick,Seeker,lipstick,Maybelline,115000.0,4.6
Colorfit Velvet Matte Lip Mousse,06 Fuschia Lover,lipstick,Wardah,69000.0,4.4
The Powder Mattes by Color Sensational,Toasted Brown,lipstick,Maybelline,55000.0,4.6
Exclusive Matte Lip Cream,01 Red-Dicted,lipstick,Wardah,66500.0,4.1
Retro Matte,Ruby Woo,lipstick,Mac,240000.0,4.2
Soft Matte Lip Cream,Antwerp,lipstick,Nyx,125000.0,3.5
Colorfit Last All Day Lip Paint,Eternal Sunset,lipstick,Wardah,65000.0,4.0
Intense Matte Lipstick,05 Easy Brownie,lipstick,Wardah,46000.0,4.0
Lip Coat,Lavender Cream,lipstick,Blp Beauty,129000.0,4.2
Meet Matt(e) Hughes Long-Lasting Liquid Lipstick,Committed,lipstick,Thebalm,260000.0,4.2
Lip Cream,01 Chic Rose,lipstick,Pixy,45000.0,3.9
Lip Mousse Records,Pop All Day - Reformulation in February 2023,lipstick,Rose All Day Cosmetics,99000.0,4.3
Colorfit Fresh Matte Lip Ink,01 Energy Shot,lipstick,Wardah,62000.0,4.2
Oh My Glam Matte Kiss Lip Cream,12 Scarlet,lipstick,Omg,25000.0,4.4
Colorfit Velvet Matte Lip Mousse,02 Joyful Orange,lipstick,Wardah,69000.0,3.9
Rouge Signature Liquid Lipstick,124 I Embrace,lipstick,L'Oreal Paris,150000.0,4.8
Holy Lip Creme,Thalia,lipstick,Looke Cosmetics,139000.0,4.4
Matte Lip Liquid,Nairobi Camellia,lipstick,The Body Shop,129000.0,4.5
She'll Kiss Forever Disney Princess Ariel Edition,Mapple,lipstick,Jacquelle,139000.0,5.0
Intense Matte Lip Cream,010 Lux,lipstick,Make Over,100000.0,4.3
Lipstick Color Matte,81 Diamond,lipstick,Purbasari,32000.0,4.3
Color Sensational Ultimate Slim Lipstick,Almond,lipstick,Maybelline,99000.0,4.1
Colorfit Fresh Matte Lip Ink,02 Smart Cookie,lipstick,Wardah,62000.0,4.3
Exclusive Moist Lipstick,37 Pink Lovers,lipstick,Wardah,0.0,3.0
Colorfit Last All Day Lip Paint,Brick On,lipstick,Wardah,65000.0,4.2
Perfect Matte Lip Coat,Dear Fanny,lipstick,Dear Me Beauty,109000.0,4.3
Lip Coat,Peppermint Pink,lipstick,Blp Beauty,129000.0,3.8
Color Riche Matte Lipstick,288 Mont Blanc,lipstick,L'Oreal Paris,69000.0,4.3
Exclusive Matte Lip Cream,04 Pink Me,lipstick,Wardah,59000.0,3.2
The Gold One Rouge Velvet Matte Lip Cream,03 Charming,lipstick,You Beauty,85000.0,4.2
Glasting Liquid Lip,11 Petal Blush,lipstick,Wardah,93000.0,4.9
Exclusive Moist Lipstick,48 Rosemary,lipstick,Wardah,30000.0,2.9
Creamatte Lip Cream,Amazeballs,lipstick,Emina,47500.0,4.3
Lippie Stix,Lumiere,lipstick,Colourpop Cosmetics,130000.0,3.3
Creamatte Lip Cream,Fuzzy Wuzzy,lipstick,Emina,47500.0,4.3
Melted Matte Lip,Butterfly,lipstick,Goban Cosmetics,130000.0,4.1
Long Lasting Lipstick,02 Pink Sorbet,lipstick,Wardah,49000.0,2.9
Lipstick Color Matte,87 Zamrud,lipstick,Purbasari,32000.0,3.7
Duo Lip Color - Color Trend 2016,Krakatau-07,lipstick,Sariayu,99000.0,3.8
Everyday! Matte Lip Shot,04 #ootd,lipstick,Wardah,45000.0,4.2
Lipstick Color Matte,89 Jade,lipstick,Purbasari,32000.0,3.9
Matte Lipcream,13 Terracotta,lipstick,Azzura,53500.0,4.7
Colorfit Velvet Matte Lip Mousse,10 Lively Coral,lipstick,Wardah,73000.0,4.8
Intense Matte Lip Cream,011 Pompous,lipstick,Make Over,100000.0,4.6
Long Lasting Lipstick,01 Fabulous Peach,lipstick,Wardah,49000.0,3.0
HI-MATTE Lip Cream,03 Lantana,lipstick,Purbasari,52800.0,3.7
Creamatte Lip Cream,MauveLous,lipstick,Emina,47500.0,4.1
Lippie Stix,Brink,lipstick,Colourpop Cosmetics,130000.0,3.7
Ultra HD Matte Lipcolor,Addiction,lipstick,Revlon,120000.0,3.9
CHUNKY! Lip Cheek Crayon,Kahlo,lipstick,Rollover Reaction,125000.0,4.2
Colorfit Velvet Matte Lip Mousse,05 Artisan Mauve,lipstick,Wardah,69000.0,4.4
Oh My Glam Matte Kiss Lip Cream Coffee Edition,Latte,lipstick,Omg,19000.0,4.3
Soft Matte Lip Cream,13 Loredea,lipstick,Marcks Venus,46000.0,3.9
Soft Matte Lip Cream,Milan,lipstick,Nyx,125000.0,3.7
Exclusive Moist Lipstick,30 Golden Coral,lipstick,Wardah,42000.0,3.5
3 in 1 Multistick Crayon,Dear Alice,lipstick,Dear Me Beauty,89000.0,4.1
Lip Cream,12 Mild Peach,lipstick,Pixy,45000.0,3.5
Colorfit Velvet Matte Lip Mousse,11 Cherish Marmalade,lipstick,Wardah,73000.0,4.8
Colorfit Velvet Matte Lip Mousse,09 Ombre Charmer,lipstick,Wardah,73000.0,4.3
Superstay Ink Crayon,Enjoy The View,lipstick,Maybelline,99000.0,4.6
Lipstick Color Matte,84 Ruby,lipstick,Purbasari,32000.0,3.6
Cliquematte Lip Stylo,203 Crush,lipstick,Make Over,115000.0,3.9
Mattedorable Lipcream (Boba Edition),06 Hazelnut Latte,lipstick,Hanasui,30000.0,4.6
Mattedorable Lipcream,04 Chic,lipstick,Hanasui,30000.0,4.1
Valipcious Velvet Matte,Calm Sense,lipstick,Mizzu,79000.0,3.8
Lip Cream,Deep Mallow,lipstick,Mahana,89000.0,4.2
MegaLast Lip Color,Rose-Bud,lipstick,Wet N Wild,98000.0,3.4
lipstik,33,lipstick,Hare,10000.0,3.7
Choco Rush Lip Cream,01 - It's Amberday,lipstick,Fanbo,50000.0,4.5
Lip & Cheek Crayon,Natural Nude,lipstick,Indoganic,129000.0,4.0
Color Sensational Ultimatte Slim Lipstick,Buff,lipstick,Maybelline,99000.0,4.2
Intense Matte Lipstick,02 Blushing Nude,lipstick,Wardah,46000.0,3.8
Rouge Signature Liquid Lipstick,121 I Choose,lipstick,L'Oreal Paris,150000.0,4.5
Matte Lip Creame,Dear Anna,lipstick,Dear Me Beauty,89900.0,4.3
Color Stick Matte Crayon,105 Skye,lipstick,Make Over,99000.0,4.3
Creamatte Lip Cream,Jelly Bean,lipstick,Emina,47500.0,4.4
Intense Matte Lip Cream,019 Vogue,lipstick,Make Over,100000.0,4.3
Superstay Matte Ink Liquid Lipstick,Assertive,lipstick,Maybelline,115000.0,4.4
Creamatte Lip Cream,Flamingo,lipstick,Emina,47500.0,4.1
Long Lasting Matte Lip Cream,5,lipstick,Lt Pro,95000.0,3.8
Holy Lip Creme,Gaia,lipstick,Looke Cosmetics,139000.0,4.5
Day to Day Series Keychain Lip Bullet,02 Habitual,lipstick,Implora,27500.0,5.0
Cushion Matte Lip Cream,CM17 Chesnut On Point,lipstick,Maybelline,85000.0,4.2
Lip Cream,11 Gaudi Orange,lipstick,Pixy,45000.0,4.4
Soft Matte Lip Cream,Addis Ababa,lipstick,Nyx,125000.0,3.7
Superstay Matte Ink Liquid Lipstick,Lover,lipstick,Maybelline,115000.0,3.7
Lip Cream,09 Glam Coral,lipstick,Pixy,45000.0,3.4
Superstay Matte Ink Un-Nude Liquid Lipstick,Amazonian,lipstick,Maybelline,125000.0,4.3
Intense Matte Lip Cream,015 Coquette,lipstick,Make Over,100000.0,4.1
Colorfit Velvet Matte Lip Mousse,03 Rose Ballerina,lipstick,Wardah,69000.0,4.2
Day to Day Series Lite Matte Lip Cream,06 Attitude,lipstick,Implora,29900.0,5.0
Stay All Day Liquid Lipstick,Patina,lipstick,Stila,330000.0,3.9
Exclusive Matte Lip Cream,03 See You Latte,lipstick,Wardah,66500.0,3.6
Etude House x Red Velvet Matte Chic Lip Lacquer,DESCRIPTION,lipstick,Etude House,150.0,4.3
Intense Matte Lipstick,12 Lady Burgundy,lipstick,Wardah,46000.0,4.1
Superstay Ink Crayon,Make It Happen,lipstick,Maybelline,99000.0,4.3
Lipstick Color Matte,82 Mirah,lipstick,Purbasari,32000.0,3.8
Sensational Liquid Matte,Sensationally Me,lipstick,Maybelline,65000.0,4.2
Soft Matte Lip Cream,Amsterdam,lipstick,Nyx,125000.0,3.9
Colorfit Velvet Matte Lip Mousse,01 Brown Dreamer,lipstick,Wardah,69000.0,3.9
Lip Cream,Darling Pink,lipstick,Mahana,89000.0,4.2
Intense Matte Lip Cream,014 Coco,lipstick,Make Over,90000.0,4.2
Cliquematte Lip Stylo,202 Hollywood,lipstick,Make Over,115000.0,4.6
Ultra Hi-Matte Lipstick,011 Baby Bombshell,lipstick,Make Over,89000.0,3.4
Exclusive Matte Lip Cream,18 Saturdate Night,lipstick,Wardah,59000.0,4.4
3 in 1 Multistick Crayon,Dear Lily,lipstick,Dear Me Beauty,89000.0,4.0
Color Stick Matte Crayon,103 Harper,lipstick,Make Over,80200.0,4.0
Rouge Edition Velvet,Beau Brun,lipstick,Bourjois,188000.0,4.2
Matte Pigment Gloss,Bazaar,lipstick,L.A. Girl,75000.0,2.8
Rouge Edition Velvet,Nude-ist,lipstick,Bourjois,180000.0,3.9
HI-MATTE Lip Cream,05 Freesia,lipstick,Purbasari,52800.0,3.7
Ultra Matte Lip,Solow,lipstick,Colourpop Cosmetics,145000.0,3.4
Intense Matte Lip Cream,016 Pixie,lipstick,Make Over,100000.0,4.4
Colorfit Velvet Matte Lip Mousse,12 Chic Terracotta,lipstick,Wardah,73000.0,4.4
MegaLast Lip Color,Wine Room,lipstick,Wet N Wild,98000.0,3.4
Lipstick Color Matte,95 Amber,lipstick,Purbasari,32500.0,4.0
Nameera Pure Glow Moisturising Lipstick,Blushing Rose,lipstick,Nameera,0.0,3.6
Rouge Signature Liquid Lipstick,105 I Rule,lipstick,L'Oreal Paris,150000.0,4.5
Colorfit Velvet Matte Lip Mousse,07 Red Pioneer,lipstick,Wardah,69000.0,4.8
Lip Coat,Burnt Cinnamon,lipstick,Blp Beauty,129000.0,4.4
Intense Matte Lipstick,06 Blooming Pink,lipstick,Wardah,46000.0,3.8
Creamatte Lip Cream,Pumpkin Spice,lipstick,Emina,47500.0,4.0
Glasting Liquid Lip,04 Rosewood Radiance,lipstick,Wardah,93000.0,4.5
Velvet Matteness Lipstick,Nude,lipstick,Lip On Lip,40000.0,4.0
Superstay Matte Ink Liquid Lipstick,Seductress,lipstick,Maybelline,115000.0,4.5
Lipstick Color Matte,90 Crystal,lipstick,Purbasari,32000.0,4.0
She'll Kiss Forever Disney Princess Ariel Edition,Berry,lipstick,Jacquelle,139000.0,4.2
Provocalips 16HR Kissproof Lip Colour,Make Your Move,lipstick,Rimmel,140000.0,3.5
Color Show Lipstick,105 Pinkalicious,lipstick,Maybelline,33000.0,3.5
Colorfit Last All Day Lip Paint Around The World,15 Dazzling New York,lipstick,Wardah,66300.0,4.9
Lip Cream,Sexy Red,lipstick,Mahana,89000.0,4.2
Colorfit Last All Day Lip Paint Around The World,13 Dubai Lux,lipstick,Wardah,66300.0,4.8
Lip Cream,403 Cherry Sweet,lipstick,Pinkberry,45000.0,4.2
Holy Lip Creme,Irene,lipstick,Looke Cosmetics,139000.0,4.3
Superstay Matte Ink Un-Nude Liquid Lipstick,Seductress,lipstick,Maybelline,103000.0,4.2
Intense Matte Lip Cream,008 Libertine,lipstick,Make Over,100000.0,4.6
Intense Matte Lip Cream,009 Posh,lipstick,Make Over,100000.0,4.5
Ultra Hi-Matte Lipstick,005 Champagne Rose,lipstick,Make Over,89000.0,4.2
Glasting Liquid Lip,05 Glazing Berry,lipstick,Wardah,93000.0,4.1
Infallible Matte Resistance,420 Le Rouge Paris,lipstick,L'Oreal Paris,139000.0,4.2
Mattesetter Lip Matte Paint,02 Dear,lipstick,Instaperfect,89000.0,4.4
Superstay Matte Ink Liquid Lipstick,Versatile,lipstick,Maybelline,115000.0,4.2
Exclusive Matte Lip Cream,02 Fuschionately,lipstick,Wardah,59000.0,3.7
Super Lustrous Lipstick,Rum Raisin,lipstick,Revlon,37000.0,4.4
Rouge Signature Liquid Lipstick,112 I Achieve,lipstick,L'Oreal Paris,150000.0,4.6
Rouge Edition Velvet,Grand Cru,lipstick,Bourjois,188000.0,3.9
Creamatte Lip Cream,Baby Fox,lipstick,Emina,47500.0,4.0
Colorfit Velvet Matte Lip Mousse,08 Brown Creator,lipstick,Wardah,69000.0,4.2
Cushion Matte Lip Cream,CM06 Urban Spice,lipstick,Maybelline,85000.0,4.2
Gotta Be Matte Lip Cream,303 Retro Mauve,lipstick,Rivera,115000.0,4.1
Day to Day Series Keychain Lip Bullet,03 Extraordinary,lipstick,Implora,27500.0,4.2
The Powder Mattes by Color Sensational,Almond Pink,lipstick,Maybelline,55000.0,4.2
Exclusive Moist Lipstick,21 Orchid Pink,lipstick,Wardah,42000.0,3.2
Sugar Rush Lipstick,Cookie Dough,lipstick,Emina,36000.0,3.4
Lip Mousse Records,Midnight Melody - Reformulation in February 2023,lipstick,Rose All Day Cosmetics,99000.0,4.4
MAC Matte Lipstick,Taupe,lipstick,Mac,279000.0,4.4
Matte It Perfect Lip Cream,Marvelous Creme,lipstick,Safi,97000.0,4.5
Lip Coat,Ginger Bread,lipstick,Blp Beauty,129000.0,4.4
Matte Pigment Gloss,Fleur,lipstick,L.A. Girl,75000.0,2.7
Mattedorable Lipcream,06 Ritz,lipstick,Hanasui,30000.0,4.8
Creamatte Lip Cream,Starfish,lipstick,Emina,47500.0,4.3
Color Riche Matte Lipstick,286 Evening Sur Seine,lipstick,L'Oreal Paris,69000.0,4.1
She'll Kiss Forever Disney Princess Ariel Edition,Cherry,lipstick,Jacquelle,139000.0,4.2
Lipstick Color Matte,93 Beryl,lipstick,Purbasari,36900.0,4.2
Ultra HD Matte Lipcolor,Devotion,lipstick,Revlon,120000.0,3.9
Exclusive Matte Lipstick,17 Gorgeous Pink,lipstick,Wardah,42000.0,3.0
Color Show Lipstick,308 Orange Icon,lipstick,Maybelline,30000.0,3.2
Color Riche Matte Lipstick,248 Flatter Me Nude,lipstick,L'Oreal Paris,69000.0,4.5
The Grail Soft Matte Lip Cream,Champagne Beige,lipstick,Mineral Botanica,50000.0,3.1
Exclusive Matte Lip Cream,11 Oh So Nude,lipstick,Wardah,66500.0,3.8
Lip Cream,406 Love Struck,lipstick,Pinkberry,40000.0,4.4
Rouge Edition Velvet,Peach Club,lipstick,Bourjois,188000.0,3.8
The Powder Mattes by Color Sensational,Plum Perfection,lipstick,Maybelline,55000.0,4.3
Mattedorable Lipcream (Boba Edition),03 Salted Caramel,lipstick,Hanasui,23500.0,4.2
Superstay Matte Ink Liquid Lipstick,Delicate,lipstick,Maybelline,107000.0,4.3
Long Lasting Matte Lip Cream,3,lipstick,Lt Pro,95000.0,4.4
Cushion Matte Lip Cream,CM07 Lips On Pulse,lipstick,Maybelline,85000.0,4.9
Melted Matte Lip,DayDreaming,lipstick,Goban Cosmetics,130000.0,4.2
The Gold One Rouge Velvet Matte Lip Cream,02 Naked,lipstick,You Beauty,85000.0,4.0
Lip Velvet SPY x Family Edition,Wish,lipstick,Jacquelle,139000.0,4.3
Oh My Glam Matte Kiss Lip Cream,01 Dreamy,lipstick,Omg,25000.0,4.0
Lip Paint,06 Mocha Mousse,lipstick,Zoya Cosmetics,65000.0,3.8
Color Stick Matte Crayon,101 Brooklyn,lipstick,Make Over,80000.0,4.6
HI-MATTE Lip Cream,02 Azalea,lipstick,Purbasari,52800.0,3.9
Exclusive Matte Lip Cream,05 Speechless,lipstick,Wardah,66500.0,3.5
She'll Kiss Forever Disney Princess Ariel Edition,Latte,lipstick,Jacquelle,139000.0,4.3
Exclusive Matte Lip Cream,09 Mauve On,lipstick,Wardah,66500.0,4.0
Sueded! Lip and Cheek Cream,Sally,lipstick,Rollover Reaction,119000.0,3.7
Make It Glow Crayonttention,09 Chocolicious,lipstick,Pixy,95000.0,4.2
Lip Cream,05 Edgy Plum,lipstick,Pixy,45000.0,3.8
Ultra Hi-Matte Lipstick,015 Fame Fatale,lipstick,Make Over,89000.0,3.9
Exclusive Matte Lip Cream,10 Berry Pretty,lipstick,Wardah,59000.0,3.5
Matte Lipstick,Kinda sexy,lipstick,Mac,220000.0,4.3
My Precious Lip Cream,Dreamy Nude Pink,lipstick,Moko Moko,24500.0,4.3
Lip Lingerie,Exotic,lipstick,Nyx,140000.0,4.1
Long Lasting Matte Lip Cream,6,lipstick,Lt Pro,95000.0,4.2
Lip Cream,Sexy Nude,lipstick,Mahana,89000.0,4.2
Sensational Liquid Matte,Soft Wine,lipstick,Maybelline,65000.0,4.6
Intense Matte Lip Cream,005 Impulse,lipstick,Make Over,100000.0,4.5
Sensational Liquid Matte,Truly MLBB,lipstick,Maybelline,65000.0,3.9
Colorfit Last All Day Lip Paint Around The World,17 Tokyo Breeze,lipstick,Wardah,66300.0,4.9
